
  .   ____          _            __ _ _
 /\\ / ___'_ __ _ _(_)_ __  __ _ \ \ \ \
( ( )\___ | '_ | '_| | '_ \/ _` | \ \ \ \
 \\/  ___)| |_)| | | | | || (_| |  ) ) ) )
  '  |____| .__|_| |_|_| |_\__, | / / / /
 =========|_|==============|___/=/_/_/_/

 :: Spring Boot ::                (v3.5.0)

2026-07-08 06:50:47.885 [main] INFO  com.rmsc.ai.RmscAiBotApplication - Starting RmscAiBotApplication v1.0.0 using Java 21.0.11 with PID 1 (/app/app.jar started by appuser in /app)
2026-07-08 06:50:47.895 [main] DEBUG com.rmsc.ai.RmscAiBotApplication - Running with Spring Boot v3.5.0, Spring v6.2.7
2026-07-08 06:50:47.898 [main] INFO  com.rmsc.ai.RmscAiBotApplication - No active profile set, falling back to 1 default profile: "default"
2026-07-08 06:50:52.421 [main] INFO  o.s.d.r.c.RepositoryConfigurationDelegate - Bootstrapping Spring Data JPA repositories in DEFAULT mode.
2026-07-08 06:50:52.710 [main] INFO  o.s.d.r.c.RepositoryConfigurationDelegate - Finished Spring Data repository scanning in 268 ms. Found 2 JPA repository interfaces.
2026-07-08 06:50:54.263 [main] INFO  o.s.b.w.e.tomcat.TomcatWebServer - Tomcat initialized with port 8080 (http)
2026-07-08 06:50:54.308 [main] INFO  o.a.catalina.core.StandardService - Starting service [Tomcat]
2026-07-08 06:50:54.310 [main] INFO  o.a.catalina.core.StandardEngine - Starting Servlet engine: [Apache Tomcat/10.1.41]
2026-07-08 06:50:54.396 [main] INFO  o.a.c.c.C.[Tomcat].[localhost].[/] - Initializing Spring embedded WebApplicationContext
2026-07-08 06:50:54.398 [main] INFO  o.s.b.w.s.c.ServletWebServerApplicationContext - Root WebApplicationContext: initialization completed in 6316 ms
2026-07-08 06:50:55.911 [main] INFO  com.zaxxer.hikari.HikariDataSource - RmscAiHikariPool - Starting...
2026-07-08 06:50:56.633 [main] INFO  com.zaxxer.hikari.pool.HikariPool - RmscAiHikariPool - Added connection org.postgresql.jdbc.PgConnection@61eab26b
2026-07-08 06:50:56.642 [main] INFO  com.zaxxer.hikari.HikariDataSource - RmscAiHikariPool - Start completed.
2026-07-08 06:50:56.824 [main] INFO  org.flywaydb.core.FlywayExecutor - Database: jdbc:postgresql://postgres:5432/rmsc_ai_db (PostgreSQL 16.14)
2026-07-08 06:50:57.018 [main] INFO  o.f.core.internal.command.DbValidate - Successfully validated 3 migrations (execution time 00:00.079s)
2026-07-08 06:50:57.067 [main] INFO  o.f.core.internal.command.DbMigrate - Current version of schema "public": 2
2026-07-08 06:50:57.114 [main] INFO  o.f.core.internal.command.DbMigrate - Migrating schema "public" to version "3 - update embedding dimension 1536"
2026-07-08 06:50:57.213 [main] INFO  o.f.c.i.s.DefaultSqlScriptExecutor - DB: table "vector_store" does not exist, skipping
2026-07-08 06:50:57.394 [main] INFO  o.f.core.internal.command.DbMigrate - Successfully applied 1 migration to schema "public", now at version v3 (execution time 00:00.195s)
2026-07-08 06:50:57.638 [main] INFO  o.h.jpa.internal.util.LogHelper - HHH000204: Processing PersistenceUnitInfo [name: default]
2026-07-08 06:50:57.805 [main] INFO  org.hibernate.Version - HHH000412: Hibernate ORM core version 6.6.15.Final
2026-07-08 06:50:57.922 [main] INFO  o.h.c.i.RegionFactoryInitiator - HHH000026: Second-level cache disabled
2026-07-08 06:50:58.239 [main] WARN  org.hibernate.orm.deprecation - HHH90000025: PostgreSQLDialect does not need to be specified explicitly using 'hibernate.dialect' (remove the property setting and it will be selected by default)
2026-07-08 06:50:58.276 [main] INFO  o.hibernate.orm.connections.pooling - HHH10001005: Database info:
	Database JDBC URL [Connecting through datasource 'HikariDataSource (RmscAiHikariPool)']
	Database driver: undefined/unknown
	Database version: 16.14
	Autocommit mode: undefined/unknown
	Isolation level: undefined/unknown
	Minimum pool size: undefined/unknown
	Maximum pool size: undefined/unknown
2026-07-08 06:50:58.869 [main] INFO  o.s.o.j.p.SpringPersistenceUnitInfo - No LoadTimeWeaver setup: ignoring JPA class transformer
2026-07-08 06:51:01.998 [main] INFO  o.h.e.t.j.p.i.JtaPlatformInitiator - HHH000489: No JTA platform available (set 'hibernate.transaction.jta.platform' to enable JTA platform integration)
2026-07-08 06:51:02.091 [main] INFO  o.s.o.j.LocalContainerEntityManagerFactoryBean - Initialized JPA EntityManagerFactory for persistence unit 'default'
2026-07-08 06:51:02.794 [main] INFO  com.rmsc.ai.config.PgVectorConfig - pgvector configuration initialized. Vector dimensions: 1536
2026-07-08 06:51:02.810 [main] INFO  com.rmsc.ai.config.PgVectorConfig - pgvector extension version: 0.8.4
2026-07-08 06:51:04.449 [main] INFO  o.s.d.j.r.query.QueryEnhancerFactory - Hibernate is in classpath; If applicable, HQL parser will be used.
2026-07-08 06:51:08.079 [main] WARN  o.s.b.a.o.j.JpaBaseConfiguration$JpaWebConfiguration - spring.jpa.open-in-view is enabled by default. Therefore, database queries may be performed during view rendering. Explicitly configure spring.jpa.open-in-view to disable this warning
2026-07-08 06:51:10.823 [main] INFO  o.s.a.v.pgvector.PgVectorStore - Using the vector table name: vector_store. Is empty: false
2026-07-08 06:51:10.846 [main] INFO  o.s.a.v.pgvector.PgVectorStore - Initializing PGVectorStore schema for table: vector_store in schema: public
2026-07-08 06:51:10.847 [main] INFO  o.s.a.v.pgvector.PgVectorStore - vectorTableValidationsEnabled false
2026-07-08 06:51:10.848 [main] DEBUG o.s.a.v.pgvector.PgVectorStore - Skipping the schema initialization for the table: public.vector_store
2026-07-08 06:51:12.338 [main] INFO  o.s.b.a.e.web.EndpointLinksResolver - Exposing 4 endpoints beneath base path '/actuator'
2026-07-08 06:51:12.938 [main] INFO  o.s.b.w.e.tomcat.TomcatWebServer - Tomcat started on port 8080 (http) with context path '/'
2026-07-08 06:51:12.984 [main] INFO  com.rmsc.ai.RmscAiBotApplication - Started RmscAiBotApplication in 27.39 seconds (process running for 32.695)
2026-07-08 06:51:17.377 [http-nio-8080-exec-2] INFO  o.a.c.c.C.[Tomcat].[localhost].[/] - Initializing Spring DispatcherServlet 'dispatcherServlet'
2026-07-08 06:51:17.387 [http-nio-8080-exec-2] INFO  o.s.web.servlet.DispatcherServlet - Initializing Servlet 'dispatcherServlet'
2026-07-08 06:51:17.396 [http-nio-8080-exec-2] INFO  o.s.web.servlet.DispatcherServlet - Completed initialization in 7 ms
2026-07-08 06:51:41.151 [http-nio-8080-exec-4] INFO  c.rmsc.ai.controller.EventController - POST /events/embed/all ΓÇô Batch embedding started
2026-07-08 06:51:41.617 [http-nio-8080-exec-4] INFO  com.rmsc.ai.service.EventService - Batch embedding: 7 events pending.
2026-07-08 06:51:41.679 [http-nio-8080-exec-4] DEBUG c.r.a.e.EventSentenceGenerator - Generated sentence for event [id=1, type=PRODUCTION_PLAN_SYNCED]: Production Plan PP1001 synchronized successfully by Planning System.
2026-07-08 06:51:41.680 [http-nio-8080-exec-4] INFO  c.rmsc.ai.embedding.EmbeddingService - Generated embedding sentence for event [id=1]: Production Plan PP1001 synchronized successfully by Planning System.
2026-07-08 06:51:41.681 [http-nio-8080-exec-4] DEBUG c.rmsc.ai.embedding.EmbeddingService - Calling EmbeddingModel. EventId: 1, TextLength: 68
2026-07-08 06:51:44.301 [http-nio-8080-exec-4] INFO  c.rmsc.ai.embedding.EmbeddingService - Embedding generated for event [id=1] in 2620ms. Dimensions: 1536
2026-07-08 06:51:44.350 [http-nio-8080-exec-4] WARN  o.h.e.jdbc.spi.SqlExceptionHelper - SQL Error: 0, SQLState: 07006
2026-07-08 06:51:44.351 [http-nio-8080-exec-4] ERROR o.h.e.jdbc.spi.SqlExceptionHelper - Unsupported Types value: 2,125,039,532
2026-07-08 06:51:44.365 [http-nio-8080-exec-4] ERROR c.rmsc.ai.embedding.EmbeddingService - Failed to embed event [id=1]: Unable to bind parameter #2 - [-0.0018415451,0.0074806213,0.03555298,-0.059936523,-0.033355713,-0.0010662079,0.028427124,0.0028457642,-0.039642334,-0.07800293,0.024932861,0.01574707,-0.03527832,-0.037322998,0.024719238,3.8146973E-6,-0.031341553,0.011177063,0.007865906,-0.032073975,0.04940796,-0.022567749,-0.012191772,-0.026290894,-0.0020046234,-0.03741455,0.012496948,0.035461426,-0.001042366,-0.041656494,0.0034999847,-0.03050232,3.478527E-4,7.5244904E-4,0.034088135,-0.043548584,0.006286621,0.061462402,-0.051635742,0.024810791,0.0058670044,-0.0067863464,-0.016845703,-0.0073928833,0.025482178,0.068237305,0.0038585663,-0.00868988,0.03994751,0.018432617,0.011268616,0.035003662,0.003112793,-0.04840088,0.024520874,0.009918213,0.05444336,0.020996094,-0.03692627,-0.013473511,0.04345703,-0.019012451,0.0029258728,0.020965576,0.015151978,-0.04699707,0.0062179565,-0.020477295,0.042022705,0.008003235,-0.041046143,0.032196045,-0.025238037,-0.03237915,0.023406982,0.028442383,0.005306244,0.0061950684,-0.022079468,0.024475098,0.012809753,0.006652832,-0.023910522,-0.05001831,-0.026687622,-0.053741455,-0.021392822,0.023223877,-0.008140564,0.008270264,-0.011016846,0.03982544,0.025421143,-0.02192688,0.004711151,-0.015655518,-0.020614624,0.030166626,-0.010177612,0.06604004,0.035095215,-0.019577026,-0.02897644,-0.049835205,0.0016460419,0.025787354,-0.033355713,8.6450577E-4,-0.050598145,-0.0095825195,-0.0501709,-0.027770996,-0.0049743652,0.03829956,0.033477783,-0.01033783,0.046539307,-0.0014381409,0.0024318695,-0.002910614,-0.028671265,0.015716553,-0.032073975,-0.0473938,-0.043701172,0.040405273,-0.013008118,-0.031341553,-0.015899658,0.0028438568,-0.02709961,-0.016723633,0.028717041,-0.01474762,-0.030151367,0.003194809,-0.061187744,0.038970947,-0.017196655,-0.011100769,0.01838684,-0.0077323914,-0.004753113,0.052520752,-0.041412354,-0.01537323,0.008522034,-0.050201416,-0.025558472,-1.0955334E-4,-0.039123535,-0.007461548,-0.017456055,-0.0048980713,0.06451416,-0.039245605,-0.04498291,0.01789856,0.033355713,0.019424438,0.03677368,0.014007568,0.03164673,0.015640259,-0.013618469,-0.025817871,-0.027114868,0.008666992,-0.089904785,-0.00982666,0.013725281,-0.01725769,-0.06707764,0.002855301,-0.018234253,0.012367249,-8.3351135E-4,-0.013618469,-0.031921387,-3.2377243E-4,-0.0047340393,0.021148682,-0.008728027,-0.022598267,-0.016159058,0.01676941,-0.0067367554,0.015472412,0.057250977,0.011459351,-0.0074920654,0.012809753,0.009155273,0.0063819885,-0.009712219,-0.056488037,0.0032863617,0.0036678314,0.015052795,-0.026138306,-0.036712646,-0.033935547,0.01159668,0.013519287,-0.04815674,-0.043304443,-0.009002686,0.01878357,-0.013511658,0.00299263,0.06762695,0.007472992,0.032318115,-0.01600647,-1.1777878E-4,-0.030822754,-0.012138367,0.038909912,0.0063209534,-0.070495605,-0.00289917,-0.055999756,0.037597656,0.06317139,0.0056991577,0.034210205,0.012191772,0.03540039,-0.0149383545,-0.06188965,-0.040771484,-0.011703491,0.03213501,0.011177063,-0.012016296,-0.019607544,-0.0057792664,-0.021270752,-0.026641846,0.0021686554,-0.0060157776,0.049865723,-0.010116577,-0.048065186,0.049041748,-0.010810852,0.0052833557,-0.025634766,-0.033721924,0.015365601,0.0041885376,0.012611389,-0.011955261,-0.012748718,-0.022872925,0.019958496,-0.02027893,-0.018508911,-0.03640747,0.008773804,-0.038269043,0.012519836,-0.06427002,0.011451721,-0.0025978088,0.032836914,0.06768799,0.034576416,-0.03579712,0.002002716,7.2813034E-4,0.012969971,0.074645996,0.005001068,-0.05343628,-0.0051345825,-0.013046265,0.038085938,-0.010643005,0.04232788,0.0010061264,-0.052490234,-0.02104187,0.0027484894,0.009460449,0.037322998,0.008491516,0.049835205,-0.013687134,0.01084137,-0.015327454,0.028289795,-0.013458252,0.006942749,-0.009841919,0.013320923,0.008514404,0.008506775,0.004852295,0.011650085,0.050048828,0.022460938,0.0041236877,-0.009307861,0.029052734,0.010063171,-0.005420685,-0.06402588,-0.021728516,0.021255493,-0.0059318542,-0.015853882,0.0132369995,-0.07281494,0.010719299,-0.045013428,0.010513306,0.02508545,0.011985779,-0.02671814,-0.02067566,-0.06982422,0.036621094,-0.037872314,0.009338379,0.03970337,-0.012908936,-0.005844116,0.035064697,-0.008102417,-0.020263672,-0.011962891,0.009864807,0.012557983,0.0025863647,0.017349243,0.038208008,0.010681152,0.026870728,0.010803223,-0.014732361,-0.022598267,-0.03878784,-0.014945984,-0.024093628,-0.045806885,-0.0068244934,0.013824463,0.055877686,0.020202637,0.011421204,-0.015289307,0.0075416565,0.053771973,0.016830444,-0.06274414,0.06744385,-0.0068244934,-0.035827637,0.008361816,0.0016412735,0.003370285,-0.04714966,-0.004032135,-0.034240723,0.050842285,-0.052978516,0.0050697327,-0.03829956,-0.035980225,0.055236816,0.0121536255,-0.022216797,0.013198853,-0.07763672,-0.0020389557,0.0039863586,0.030441284,-0.018844604,0.023468018,0.029220581,-0.047943115,0.041290283,0.0037441254,-0.010253906,0.013771057,0.026641846,0.039276123,0.017028809,-0.04916382,0.04373169,-0.016616821,0.025390625,0.0012130737,-0.021881104,-0.0059394836,0.02508545,-0.002149582,0.0090789795,0.019073486,0.018432617,-0.028198242,-0.015731812,0.022857666,-0.012718201,-0.034942627,-0.023727417,-0.007549286,0.007675171,0.010917664,0.03189087,-0.027496338,0.02709961,-0.057434082,0.04425049,-0.034088135,-0.0019025803,0.047851562,-0.0060195923,0.008598328,-0.05508423,0.0068855286,0.014877319,0.040527344,-0.05517578,-0.017623901,0.016677856,-0.026947021,0.030197144,-0.0435791,-8.3732605E-4,0.018692017,0.066589355,0.040893555,0.02015686,0.010719299,-0.044067383,-0.012390137,0.027801514,0.0440979,0.012817383,0.0011224747,-1.0043383E-4,-0.024414062,-0.0034751892,-0.028701782,-0.03656006,0.019577026,0.0066719055,0.04360962,-0.007156372,0.015541077,0.016677856,0.008346558,-0.035003662,0.033447266,-0.0031108856,-0.035369873,0.020843506,0.027313232,0.004463196,0.038238525,-0.011001587,0.001332283,-0.044647217,0.016586304,0.008125305,0.005168915,0.008598328,0.0014972687,-0.010551453,0.03515625,0.011978149,-0.016921997,0.015396118,0.029693604,0.018356323,0.008285522,-0.045562744,-0.0340271,0.020812988,-0.022903442,0.024612427,0.031051636,0.04421997,0.08660889,0.04510498,-0.025299072,-0.04385376,0.029876709,0.019424438,0.0027713776,0.03805542,-0.012580872,-0.017364502,-0.07861328,-0.02305603,0.01927185,-0.02722168,0.0014362335,0.0031356812,0.026489258,0.027740479,-0.0569458,0.015083313,0.07098389,-0.027816772,0.013145447,-0.011138916,-0.03100586,0.021865845,0.027450562,0.009780884,0.0042648315,-0.016326904,0.016189575,0.03125,0.007381439,0.0022258759,-0.020019531,0.0047836304,-0.055603027,-0.046936035,-0.001288414,3.285408E-4,-0.0035152435,0.009025574,-0.050872803,-0.005466461,-0.04385376,0.004180908,0.006416321,-0.013671875,-0.0317688,-0.04168701,0.054138184,-0.006000519,0.04449463,-0.06124878,0.0047035217,0.021438599,-0.013130188,-0.017333984,-0.027648926,0.01386261,-0.041625977,0.013748169,-0.003232956,0.012634277,0.007068634,0.008178711,-0.0056915283,-0.04055786,0.024490356,0.009628296,0.042541504,-0.029800415,0.0033931732,-0.006084442,0.004814148,0.021835327,0.028518677,0.019805908,-0.034973145,-6.85215E-4,0.036193848,0.015838623,-0.029815674,0.02218628,0.015792847,-0.018737793,0.015541077,-0.032989502,-0.00724411,-0.0022850037,0.0012369156,-0.060333252,-0.027069092,0.013771057,-0.034454346,0.01802063,0.02519226,0.037597656,0.012077332,-0.06567383,0.019592285,0.010620117,0.020339966,-0.020217896,0.02067566,-0.024414062,-6.070137E-4,0.031097412,-0.0035686493,0.012565613,-0.032684326,-0.012023926,0.02217102,0.005558014,0.015464783,-0.04284668,0.01586914,0.019439697,-0.007873535,0.02067566,0.017593384,-0.0028629303,0.017852783,-0.03161621,0.0284729,1.1920929E-6,-0.008651733,0.0056152344,-0.042755127,-0.018875122,0.008857727,-0.0057792664,0.033416748,0.0017871857,0.00248909,0.0017871857,0.016281128,-0.023208618,-0.026290894,0.002281189,-8.3589554E-4,-0.015930176,-0.003080368,-0.057800293,0.005935669,0.05618286,-0.025665283,0.0042304993,0.016738892,0.021850586,0.04486084,0.0026512146,-0.019638062,0.00957489,-0.009780884,0.022918701,-0.0056648254,-0.0031661987,-0.049316406,0.03640747,0.009437561,-0.011100769,0.05307007,0.009284973,-0.029922485,-0.016937256,-0.052581787,0.025222778,0.059631348,-0.0035057068,-0.051330566,-0.036987305,0.008201599,0.012184143,0.0028629303,-0.004928589,0.045288086,0.01586914,-0.009002686,0.0031967163,0.02067566,-0.037017822,0.05154419,0.012870789,8.72612E-5,-0.02709961,0.0033988953,-0.014221191,0.009063721,5.5885315E-4,0.029342651,0.020645142,0.016357422,0.0056114197,0.014419556,-0.033935547,0.0049858093,-0.028869629,0.0074882507,0.011703491,-0.036895752,-0.017318726,-0.0015211105,0.010246277,-0.013282776,-0.0032138824,-0.021530151,-0.0074386597,0.010391235,0.021331787,-0.056640625,0.05142212,0.021896362,-0.038085938,-0.058044434,-0.024658203,-0.015991211,0.015434265,-0.022415161,-0.0440979,-0.037475586,-0.036468506,-0.016677856,0.037750244,0.016342163,0.034942627,0.0071105957,-0.047973633,-0.019989014,0.016708374,0.015235901,-0.0022296906,-0.004005432,0.0012807846,-0.038879395,0.007282257,0.0031547546,0.011924744,-5.6123734E-4,-0.04031372,0.010551453,0.028564453,0.03842163,-0.020599365,0.0033340454,0.0012865067,-0.01600647,0.010818481,-0.004421234,0.04043579,0.0011758804,-0.013168335,0.026794434,0.025009155,0.00920105,-0.027450562,0.033294678,-0.042053223,-0.002943039,-0.03366089,0.006111145,9.946823E-4,0.049102783,-0.044891357,-0.018936157,-0.02128601,0.009353638,0.004234314,0.012207031,0.015197754,0.0013942719,-0.004085541,0.018814087,0.02293396,-0.026245117,-0.017456055,0.012458801,-0.010375977,0.016647339,0.0076942444,-0.0030155182,-0.012008667,-0.019165039,-0.013549805,-0.023132324,-0.03378296,0.01109314,-0.011314392,0.016677856,0.006477356,0.0060653687,-0.033203125,-0.030975342,-0.023620605,0.013809204,-0.03253174,-0.032562256,-0.03152466,0.049041748,-0.035186768,0.0027866364,-0.004360199,0.02053833,0.011680603,-0.020751953,-0.015052795,0.027694702,0.026245117,0.032318115,0.04119873,-0.005744934,-0.00289917,-0.10192871,-0.048065186,-0.021026611,-0.024459839,-0.02709961,-0.0385437,0.017486572,0.005344391,-0.011604309,-0.013931274,0.05105591,0.018417358,-0.02746582,0.0010881424,-3.5238266E-4,-0.01737976,0.018051147,0.010520935,3.6525726E-4,-0.049041748,0.015625,-0.03515625,-0.009498596,0.019500732,-0.05065918,-0.024154663,-0.032562256,0.004951477,-0.01991272,-0.039001465,0.040527344,0.048736572,0.02355957,0.037017822,-0.0038661957,-0.03137207,-0.03768921,-0.0042304993,0.015930176,0.0033454895,0.015213013,-0.013122559,0.03086853,-0.022766113,0.001335144,0.027313232,-0.013008118,0.016159058,-0.01260376,0.0011663437,0.0045280457,-0.015838623,0.03125,0.021911621,0.0146102905,0.035217285,-0.013870239,-0.01687622,0.025848389,-8.0919266E-4,-0.012390137,0.031707764,0.014419556,-0.022781372,-0.021362305,0.023605347,-0.006034851,0.015823364,-0.0036087036,0.0146865845,-0.014198303,0.004600525,-0.019683838,0.022216797,0.010040283,0.0039024353,-0.014884949,-0.0059509277,0.0034656525,0.016937256,0.050201416,0.020645142,-0.019699097,-0.009086609,-0.03326416,-0.011772156,0.0016508102,0.013160706,0.029922485,-0.018432617,0.018295288,-0.031585693,-0.024475098,0.0039749146,0.0098724365,0.018173218,0.011177063,-0.047698975,-0.010040283,0.0109939575,-0.009811401,-0.0024757385,-0.01184845,-0.040039062,-0.010498047,0.014259338,0.01676941,0.028442383,-0.012138367,0.0099487305,-0.0026512146,-0.005306244,0.005420685,0.03390503,-0.02722168,0.008033752,-0.004497528,-0.01600647,-0.03475952,-0.005569458,0.003921509,-0.0015182495,-0.057739258,0.006374359,-0.024017334,0.0066223145,-0.009468079,0.0390625,-0.006385803,-0.0020179749,-0.0104904175,0.031219482,-0.05819702,0.0013341904,-0.037200928,-0.013320923,0.029418945,-0.004886627,-0.017944336,0.016220093,0.039764404,0.0070877075,-0.038269043,0.00945282,0.01838684,0.0036239624,0.003917694,0.016220093,-0.008903503,0.013648987,0.044891357,0.006164551,-0.008415222,-0.0044441223,-0.024032593,0.013412476,-0.045410156,0.009864807,-0.012710571,-0.025497437,0.018951416,0.018188477,-0.0024604797,-1.578331E-4,-0.012565613,0.035827637,-0.024673462,-0.013687134,-0.009292603,-0.03491211,0.0036754608,-0.02746582,-0.005821228,0.020965576,-0.007598877,-0.02633667,0.03616333,-0.032073975,-0.023391724,0.02671814,-0.029052734,0.005329132,0.018692017,0.04550171,0.020095825,0.014533997,0.0038871765,0.018585205,0.05368042,-0.019927979,0.03012085,0.015945435,-0.00919342,0.021331787,0.0060157776,0.01600647,0.024124146,0.021850586,-0.01828003,0.0037250519,-0.008598328,-0.0096588135,-0.01525116,-0.010353088,0.034240723,0.04156494,0.011222839,-0.0065612793,-0.04373169,-0.029022217,0.03451538,-0.0053253174,0.027267456,-0.006008148,-0.030029297,-0.07434082,-0.030044556,-0.031143188,-0.01777649,-0.009841919,0.04458618,0.007209778,-0.026748657,-0.0055160522,0.014259338,-0.018325806,-0.01701355,-0.008552551,0.009002686,0.017929077,0.0011348724,0.019210815,5.7029724E-4,0.0050735474,-0.014282227,-0.030975342,0.006652832,0.011703491,-0.0041770935,-0.019699097,0.0032520294,-0.011672974,-0.008262634,-0.0095825195,0.021514893,-0.0028953552,-0.032287598,0.0068092346,0.016082764,-8.497238E-4,0.007575989,-0.013969421,-0.017959595,-0.035980225,-0.0014486313,-0.0014419556,0.01033783,0.009963989,-0.021636963,0.0056037903,-0.033966064,0.015083313,0.054595947,0.03756714,0.0056037903,-0.008735657,-0.027420044,0.04006958,0.022766113,-0.0496521,-0.013412476,-9.918213E-4,0.009124756,-0.039123535,-0.016860962,-6.9475174E-4,0.006126404,0.021316528,0.018295288,-0.016693115,-0.018676758,0.05960083,0.015563965,0.014183044,0.018371582,-0.013595581,0.022064209,0.008560181,0.024765015,0.040039062,0.008766174,0.0013837814,0.024795532,-0.005783081,-0.020187378,-0.03439331,-0.020751953,0.03857422,5.543232E-6,-0.03967285,0.035217285,0.005268097,-0.027389526,0.030822754,-0.01852417,-0.007774353,-0.0074310303,-0.017669678,-0.013145447,-0.018707275,0.005695343,0.014320374,0.0018024445,0.023468018,-0.0096588135,-0.020523071,-0.0015630722,0.01979065,0.0034122467,-0.011543274,-0.022216797,0.005744934,0.005569458,-0.008934021,-0.005970001,-0.0070381165,0.014221191,-0.03201294,-0.024291992,-0.005039215,0.0141067505,0.0016965866,0.008453369,-0.011024475,-0.012542725,4.6944618E-4,0.009918213,0.0017023087,0.023468018,-0.030654907,-0.004558563,0.009246826,-0.0044174194,0.021820068,-0.0073547363,0.013710022,0.014350891,-0.03604126,-0.024917603,0.03967285,0.083862305,8.363724E-4,0.028747559,0.02545166,0.0073623657,0.0317688,0.02053833,-0.055023193,-0.0027580261,-0.028793335,0.0060424805,-0.008308411,0.0044898987,-0.0032806396,0.0033874512,0.014572144,-0.020889282,-0.03125,0.032592773,-0.02696228,0.013870239,5.1915646E-5,-0.030197144,0.014533997,0.0041007996,0.0016918182,0.012046814,-0.022750854,-0.0040397644,0.020721436,0.029403687,0.0060424805,-0.007194519,-0.008285522,0.041229248,-0.020050049,-0.024047852,0.0038852692,0.021316528,-0.026916504,-0.020904541,-0.014434814,-0.020431519,0.0071411133,-0.004852295,0.015655518,-0.01285553,0.012992859,0.016723633,-0.028015137,0.033294678,-0.015586853,0.015625,-0.005367279,-0.0024986267,0.013710022,-0.017288208,0.0023880005,0.03466797,0.013519287,-0.03994751,-0.031402588,0.022460938,-0.012771606,-0.02243042,-0.009429932,-0.0104522705,0.005844116,-0.01965332,0.028198242,0.013671875,0.014877319,0.011985779,-0.030471802,0.0057411194,-0.013435364,-0.0056419373,-0.014472961,0.017974854,0.018600464,0.036346436,-0.024795532,-0.0012874603,-0.010688782,-0.014274597,0.04220581,-0.0046653748,0.02456665,-0.02784729,0.005378723,0.011230469,-0.012535095,-0.010971069,-0.022827148,0.0034179688,-0.009231567,-0.03353882,-0.010253906,-0.013557434,0.016448975,0.012489319,0.021606445,0.0070228577,0.042144775,-0.02507019,0.0029354095,-0.0020542145,-0.008911133,-0.036743164,0.00573349,-0.009643555,0.019897461,0.022476196,-0.020629883,-0.021469116,-0.0029659271,0.013442993,0.011398315,-0.011177063,-0.0065612793,0.01675415,-0.0013866425,-0.008216858,-0.010726929,0.014419556,0.016601562,0.006729126,-0.039520264,0.009391785,-0.009284973,0.0060539246,0.004142761,-0.012550354,-0.010543823,0.009490967,0.011100769,0.01335907,0.017333984,0.011772156,-0.008491516,-0.018814087,0.012641907,-0.011199951,0.007881165,-0.0206604,0.02772522,-0.022140503,-0.007858276,-0.0043945312,0.0032958984,0.020339966,-0.030029297,0.0061798096,-0.021331787,-0.008171082,0.006046295,0.03466797,0.0042495728,0.029403687,0.0206604,-0.0036811829,-0.010719299,-0.013496399,0.013725281,-0.025283813,-0.029129028,-0.017166138,0.018707275,0.0020008087,-0.017410278,0.0035495758,-0.031585693,0.011421204,-0.006416321,0.011199951,-0.019332886,-0.005458832,0.026687622,-0.04135132,-0.01889038,0.017608643,-0.027236938,0.02571106,-0.030593872,-2.0837784E-4,0.002702713,0.008705139,-0.023269653,-0.020980835,-0.0041923523,-0.009552002,0.028869629,-0.0317688,0.022155762,0.027175903,0.003314972,-0.0062713623,0.022842407,-0.008384705,0.008674622,-0.032958984,-0.0028629303,0.003490448,9.1791153E-4,0.049102783,0.017745972,0.022918701,-0.030899048,0.003370285,-0.0079956055,-0.0019464493,0.004802704,-0.045013428,-0.013832092,-0.02571106,-0.0049438477,0.027923584,0.032043457,0.014976501,0.0011367798,0.013755798,0.019042969,0.033416748,-0.033935547,-0.025390625,0.03829956,0.01600647,-0.02368164,3.798008E-4,0.007217407,0.001701355,-0.00623703,0.0069503784,-0.028717041,-0.011199951,-0.03564453,0.02330017,-0.024795532,-0.02772522,-0.02217102,-0.03491211,-0.039855957,0.0048561096,-0.039215088,0.015823364,-0.0206604,0.041046143,0.032989502,-0.037872314,0.021484375,-0.011245728,-0.00793457,0.0042915344,-0.0069847107,0.00381279,0.011001587,0.021972656,-0.041931152,-0.008079529,0.026473999,0.0362854,-0.034179688,-0.0151901245,0.0121154785,-0.00894928,0.009399414,-0.0012321472,-0.016967773,0.07147217,0.024765015,0.037322998,-0.009727478,0.027313232,0.02848816,-0.016998291,0.029296875,-0.013298035,-0.0050697327,0.034057617,-0.019424438,0.030075073,-0.027420044,0.002708435,-0.0028514862,0.013374329,0.003643036,-0.0036811829,0.02267456,0.0064926147,-0.027313232,0.0368042,-0.039123535,-0.014274597,0.001458168,0.018173218,0.0093688965,0.00819397,0.024612427,0.016143799,-0.005279541,-0.0013618469,-0.0068969727,0.0017681122,0.0129470825,0.02142334,-0.024749756,0.030044556,0.020050049,-0.017333984,-0.022872925,0.04067993,0.038116455,-0.0046806335,-0.018447876,0.0025806427,-0.01600647,-0.013633728,0.008781433,0.017288208,0.03338623,0.024276733,-0.013885498,0.02029419,-0.028564453,0.049102783,-0.017623901,0.021072388,0.0082092285,0.025283813,-0.027664185,0.0076446533,-0.0017671585,0.006542206,0.012420654,-0.006778717,-0.005756378,-0.02067566,-0.012718201,0.0289917,-0.004611969,-0.010040283,-0.03390503,0.003200531,-0.0035591125,-0.042877197,0.016082764,-0.0025520325,0.011070251,7.748604E-7,-0.008491516,0.016601562,0.025985718,-0.039367676,0.015792847,-0.004310608,-7.9107285E-4,0.010307312,0.035369873,0.020339966,0.0082473755,-0.012580872,0.012786865,0.02407837,-0.019042969,0.016174316,-0.0026950836,4.0531158E-4,-0.035491943,-0.01725769,-0.04650879,0.01512146,0.05154419,0.008735657,-0.03994751,-0.008422852,0.00881958,0.009155273,-0.015136719,-0.00819397,0.036346436,-0.005748749,-0.0063552856,0.01852417,0.013298035,-0.03112793,-0.00995636,-0.013549805,0.030273438,-0.009963989] [Unsupported Types value: 2,125,039,532] [n/a]; SQL [n/a]
org.springframework.dao.InvalidDataAccessResourceUsageException: Unable to bind parameter #2 - [-0.0018415451,0.0074806213,0.03555298,-0.059936523,-0.033355713,-0.0010662079,0.028427124,0.0028457642,-0.039642334,-0.07800293,0.024932861,0.01574707,-0.03527832,-0.037322998,0.024719238,3.8146973E-6,-0.031341553,0.011177063,0.007865906,-0.032073975,0.04940796,-0.022567749,-0.012191772,-0.026290894,-0.0020046234,-0.03741455,0.012496948,0.035461426,-0.001042366,-0.041656494,0.0034999847,-0.03050232,3.478527E-4,7.5244904E-4,0.034088135,-0.043548584,0.006286621,0.061462402,-0.051635742,0.024810791,0.0058670044,-0.0067863464,-0.016845703,-0.0073928833,0.025482178,0.068237305,0.0038585663,-0.00868988,0.03994751,0.018432617,0.011268616,0.035003662,0.003112793,-0.04840088,0.024520874,0.009918213,0.05444336,0.020996094,-0.03692627,-0.013473511,0.04345703,-0.019012451,0.0029258728,0.020965576,0.015151978,-0.04699707,0.0062179565,-0.020477295,0.042022705,0.008003235,-0.041046143,0.032196045,-0.025238037,-0.03237915,0.023406982,0.028442383,0.005306244,0.0061950684,-0.022079468,0.024475098,0.012809753,0.006652832,-0.023910522,-0.05001831,-0.026687622,-0.053741455,-0.021392822,0.023223877,-0.008140564,0.008270264,-0.011016846,0.03982544,0.025421143,-0.02192688,0.004711151,-0.015655518,-0.020614624,0.030166626,-0.010177612,0.06604004,0.035095215,-0.019577026,-0.02897644,-0.049835205,0.0016460419,0.025787354,-0.033355713,8.6450577E-4,-0.050598145,-0.0095825195,-0.0501709,-0.027770996,-0.0049743652,0.03829956,0.033477783,-0.01033783,0.046539307,-0.0014381409,0.0024318695,-0.002910614,-0.028671265,0.015716553,-0.032073975,-0.0473938,-0.043701172,0.040405273,-0.013008118,-0.031341553,-0.015899658,0.0028438568,-0.02709961,-0.016723633,0.028717041,-0.01474762,-0.030151367,0.003194809,-0.061187744,0.038970947,-0.017196655,-0.011100769,0.01838684,-0.0077323914,-0.004753113,0.052520752,-0.041412354,-0.01537323,0.008522034,-0.050201416,-0.025558472,-1.0955334E-4,-0.039123535,-0.007461548,-0.017456055,-0.0048980713,0.06451416,-0.039245605,-0.04498291,0.01789856,0.033355713,0.019424438,0.03677368,0.014007568,0.03164673,0.015640259,-0.013618469,-0.025817871,-0.027114868,0.008666992,-0.089904785,-0.00982666,0.013725281,-0.01725769,-0.06707764,0.002855301,-0.018234253,0.012367249,-8.3351135E-4,-0.013618469,-0.031921387,-3.2377243E-4,-0.0047340393,0.021148682,-0.008728027,-0.022598267,-0.016159058,0.01676941,-0.0067367554,0.015472412,0.057250977,0.011459351,-0.0074920654,0.012809753,0.009155273,0.0063819885,-0.009712219,-0.056488037,0.0032863617,0.0036678314,0.015052795,-0.026138306,-0.036712646,-0.033935547,0.01159668,0.013519287,-0.04815674,-0.043304443,-0.009002686,0.01878357,-0.013511658,0.00299263,0.06762695,0.007472992,0.032318115,-0.01600647,-1.1777878E-4,-0.030822754,-0.012138367,0.038909912,0.0063209534,-0.070495605,-0.00289917,-0.055999756,0.037597656,0.06317139,0.0056991577,0.034210205,0.012191772,0.03540039,-0.0149383545,-0.06188965,-0.040771484,-0.011703491,0.03213501,0.011177063,-0.012016296,-0.019607544,-0.0057792664,-0.021270752,-0.026641846,0.0021686554,-0.0060157776,0.049865723,-0.010116577,-0.048065186,0.049041748,-0.010810852,0.0052833557,-0.025634766,-0.033721924,0.015365601,0.0041885376,0.012611389,-0.011955261,-0.012748718,-0.022872925,0.019958496,-0.02027893,-0.018508911,-0.03640747,0.008773804,-0.038269043,0.012519836,-0.06427002,0.011451721,-0.0025978088,0.032836914,0.06768799,0.034576416,-0.03579712,0.002002716,7.2813034E-4,0.012969971,0.074645996,0.005001068,-0.05343628,-0.0051345825,-0.013046265,0.038085938,-0.010643005,0.04232788,0.0010061264,-0.052490234,-0.02104187,0.0027484894,0.009460449,0.037322998,0.008491516,0.049835205,-0.013687134,0.01084137,-0.015327454,0.028289795,-0.013458252,0.006942749,-0.009841919,0.013320923,0.008514404,0.008506775,0.004852295,0.011650085,0.050048828,0.022460938,0.0041236877,-0.009307861,0.029052734,0.010063171,-0.005420685,-0.06402588,-0.021728516,0.021255493,-0.0059318542,-0.015853882,0.0132369995,-0.07281494,0.010719299,-0.045013428,0.010513306,0.02508545,0.011985779,-0.02671814,-0.02067566,-0.06982422,0.036621094,-0.037872314,0.009338379,0.03970337,-0.012908936,-0.005844116,0.035064697,-0.008102417,-0.020263672,-0.011962891,0.009864807,0.012557983,0.0025863647,0.017349243,0.038208008,0.010681152,0.026870728,0.010803223,-0.014732361,-0.022598267,-0.03878784,-0.014945984,-0.024093628,-0.045806885,-0.0068244934,0.013824463,0.055877686,0.020202637,0.011421204,-0.015289307,0.0075416565,0.053771973,0.016830444,-0.06274414,0.06744385,-0.0068244934,-0.035827637,0.008361816,0.0016412735,0.003370285,-0.04714966,-0.004032135,-0.034240723,0.050842285,-0.052978516,0.0050697327,-0.03829956,-0.035980225,0.055236816,0.0121536255,-0.022216797,0.013198853,-0.07763672,-0.0020389557,0.0039863586,0.030441284,-0.018844604,0.023468018,0.029220581,-0.047943115,0.041290283,0.0037441254,-0.010253906,0.013771057,0.026641846,0.039276123,0.017028809,-0.04916382,0.04373169,-0.016616821,0.025390625,0.0012130737,-0.021881104,-0.0059394836,0.02508545,-0.002149582,0.0090789795,0.019073486,0.018432617,-0.028198242,-0.015731812,0.022857666,-0.012718201,-0.034942627,-0.023727417,-0.007549286,0.007675171,0.010917664,0.03189087,-0.027496338,0.02709961,-0.057434082,0.04425049,-0.034088135,-0.0019025803,0.047851562,-0.0060195923,0.008598328,-0.05508423,0.0068855286,0.014877319,0.040527344,-0.05517578,-0.017623901,0.016677856,-0.026947021,0.030197144,-0.0435791,-8.3732605E-4,0.018692017,0.066589355,0.040893555,0.02015686,0.010719299,-0.044067383,-0.012390137,0.027801514,0.0440979,0.012817383,0.0011224747,-1.0043383E-4,-0.024414062,-0.0034751892,-0.028701782,-0.03656006,0.019577026,0.0066719055,0.04360962,-0.007156372,0.015541077,0.016677856,0.008346558,-0.035003662,0.033447266,-0.0031108856,-0.035369873,0.020843506,0.027313232,0.004463196,0.038238525,-0.011001587,0.001332283,-0.044647217,0.016586304,0.008125305,0.005168915,0.008598328,0.0014972687,-0.010551453,0.03515625,0.011978149,-0.016921997,0.015396118,0.029693604,0.018356323,0.008285522,-0.045562744,-0.0340271,0.020812988,-0.022903442,0.024612427,0.031051636,0.04421997,0.08660889,0.04510498,-0.025299072,-0.04385376,0.029876709,0.019424438,0.0027713776,0.03805542,-0.012580872,-0.017364502,-0.07861328,-0.02305603,0.01927185,-0.02722168,0.0014362335,0.0031356812,0.026489258,0.027740479,-0.0569458,0.015083313,0.07098389,-0.027816772,0.013145447,-0.011138916,-0.03100586,0.021865845,0.027450562,0.009780884,0.0042648315,-0.016326904,0.016189575,0.03125,0.007381439,0.0022258759,-0.020019531,0.0047836304,-0.055603027,-0.046936035,-0.001288414,3.285408E-4,-0.0035152435,0.009025574,-0.050872803,-0.005466461,-0.04385376,0.004180908,0.006416321,-0.013671875,-0.0317688,-0.04168701,0.054138184,-0.006000519,0.04449463,-0.06124878,0.0047035217,0.021438599,-0.013130188,-0.017333984,-0.027648926,0.01386261,-0.041625977,0.013748169,-0.003232956,0.012634277,0.007068634,0.008178711,-0.0056915283,-0.04055786,0.024490356,0.009628296,0.042541504,-0.029800415,0.0033931732,-0.006084442,0.004814148,0.021835327,0.028518677,0.019805908,-0.034973145,-6.85215E-4,0.036193848,0.015838623,-0.029815674,0.02218628,0.015792847,-0.018737793,0.015541077,-0.032989502,-0.00724411,-0.0022850037,0.0012369156,-0.060333252,-0.027069092,0.013771057,-0.034454346,0.01802063,0.02519226,0.037597656,0.012077332,-0.06567383,0.019592285,0.010620117,0.020339966,-0.020217896,0.02067566,-0.024414062,-6.070137E-4,0.031097412,-0.0035686493,0.012565613,-0.032684326,-0.012023926,0.02217102,0.005558014,0.015464783,-0.04284668,0.01586914,0.019439697,-0.007873535,0.02067566,0.017593384,-0.0028629303,0.017852783,-0.03161621,0.0284729,1.1920929E-6,-0.008651733,0.0056152344,-0.042755127,-0.018875122,0.008857727,-0.0057792664,0.033416748,0.0017871857,0.00248909,0.0017871857,0.016281128,-0.023208618,-0.026290894,0.002281189,-8.3589554E-4,-0.015930176,-0.003080368,-0.057800293,0.005935669,0.05618286,-0.025665283,0.0042304993,0.016738892,0.021850586,0.04486084,0.0026512146,-0.019638062,0.00957489,-0.009780884,0.022918701,-0.0056648254,-0.0031661987,-0.049316406,0.03640747,0.009437561,-0.011100769,0.05307007,0.009284973,-0.029922485,-0.016937256,-0.052581787,0.025222778,0.059631348,-0.0035057068,-0.051330566,-0.036987305,0.008201599,0.012184143,0.0028629303,-0.004928589,0.045288086,0.01586914,-0.009002686,0.0031967163,0.02067566,-0.037017822,0.05154419,0.012870789,8.72612E-5,-0.02709961,0.0033988953,-0.014221191,0.009063721,5.5885315E-4,0.029342651,0.020645142,0.016357422,0.0056114197,0.014419556,-0.033935547,0.0049858093,-0.028869629,0.0074882507,0.011703491,-0.036895752,-0.017318726,-0.0015211105,0.010246277,-0.013282776,-0.0032138824,-0.021530151,-0.0074386597,0.010391235,0.021331787,-0.056640625,0.05142212,0.021896362,-0.038085938,-0.058044434,-0.024658203,-0.015991211,0.015434265,-0.022415161,-0.0440979,-0.037475586,-0.036468506,-0.016677856,0.037750244,0.016342163,0.034942627,0.0071105957,-0.047973633,-0.019989014,0.016708374,0.015235901,-0.0022296906,-0.004005432,0.0012807846,-0.038879395,0.007282257,0.0031547546,0.011924744,-5.6123734E-4,-0.04031372,0.010551453,0.028564453,0.03842163,-0.020599365,0.0033340454,0.0012865067,-0.01600647,0.010818481,-0.004421234,0.04043579,0.0011758804,-0.013168335,0.026794434,0.025009155,0.00920105,-0.027450562,0.033294678,-0.042053223,-0.002943039,-0.03366089,0.006111145,9.946823E-4,0.049102783,-0.044891357,-0.018936157,-0.02128601,0.009353638,0.004234314,0.012207031,0.015197754,0.0013942719,-0.004085541,0.018814087,0.02293396,-0.026245117,-0.017456055,0.012458801,-0.010375977,0.016647339,0.0076942444,-0.0030155182,-0.012008667,-0.019165039,-0.013549805,-0.023132324,-0.03378296,0.01109314,-0.011314392,0.016677856,0.006477356,0.0060653687,-0.033203125,-0.030975342,-0.023620605,0.013809204,-0.03253174,-0.032562256,-0.03152466,0.049041748,-0.035186768,0.0027866364,-0.004360199,0.02053833,0.011680603,-0.020751953,-0.015052795,0.027694702,0.026245117,0.032318115,0.04119873,-0.005744934,-0.00289917,-0.10192871,-0.048065186,-0.021026611,-0.024459839,-0.02709961,-0.0385437,0.017486572,0.005344391,-0.011604309,-0.013931274,0.05105591,0.018417358,-0.02746582,0.0010881424,-3.5238266E-4,-0.01737976,0.018051147,0.010520935,3.6525726E-4,-0.049041748,0.015625,-0.03515625,-0.009498596,0.019500732,-0.05065918,-0.024154663,-0.032562256,0.004951477,-0.01991272,-0.039001465,0.040527344,0.048736572,0.02355957,0.037017822,-0.0038661957,-0.03137207,-0.03768921,-0.0042304993,0.015930176,0.0033454895,0.015213013,-0.013122559,0.03086853,-0.022766113,0.001335144,0.027313232,-0.013008118,0.016159058,-0.01260376,0.0011663437,0.0045280457,-0.015838623,0.03125,0.021911621,0.0146102905,0.035217285,-0.013870239,-0.01687622,0.025848389,-8.0919266E-4,-0.012390137,0.031707764,0.014419556,-0.022781372,-0.021362305,0.023605347,-0.006034851,0.015823364,-0.0036087036,0.0146865845,-0.014198303,0.004600525,-0.019683838,0.022216797,0.010040283,0.0039024353,-0.014884949,-0.0059509277,0.0034656525,0.016937256,0.050201416,0.020645142,-0.019699097,-0.009086609,-0.03326416,-0.011772156,0.0016508102,0.013160706,0.029922485,-0.018432617,0.018295288,-0.031585693,-0.024475098,0.0039749146,0.0098724365,0.018173218,0.011177063,-0.047698975,-0.010040283,0.0109939575,-0.009811401,-0.0024757385,-0.01184845,-0.040039062,-0.010498047,0.014259338,0.01676941,0.028442383,-0.012138367,0.0099487305,-0.0026512146,-0.005306244,0.005420685,0.03390503,-0.02722168,0.008033752,-0.004497528,-0.01600647,-0.03475952,-0.005569458,0.003921509,-0.0015182495,-0.057739258,0.006374359,-0.024017334,0.0066223145,-0.009468079,0.0390625,-0.006385803,-0.0020179749,-0.0104904175,0.031219482,-0.05819702,0.0013341904,-0.037200928,-0.013320923,0.029418945,-0.004886627,-0.017944336,0.016220093,0.039764404,0.0070877075,-0.038269043,0.00945282,0.01838684,0.0036239624,0.003917694,0.016220093,-0.008903503,0.013648987,0.044891357,0.006164551,-0.008415222,-0.0044441223,-0.024032593,0.013412476,-0.045410156,0.009864807,-0.012710571,-0.025497437,0.018951416,0.018188477,-0.0024604797,-1.578331E-4,-0.012565613,0.035827637,-0.024673462,-0.013687134,-0.009292603,-0.03491211,0.0036754608,-0.02746582,-0.005821228,0.020965576,-0.007598877,-0.02633667,0.03616333,-0.032073975,-0.023391724,0.02671814,-0.029052734,0.005329132,0.018692017,0.04550171,0.020095825,0.014533997,0.0038871765,0.018585205,0.05368042,-0.019927979,0.03012085,0.015945435,-0.00919342,0.021331787,0.0060157776,0.01600647,0.024124146,0.021850586,-0.01828003,0.0037250519,-0.008598328,-0.0096588135,-0.01525116,-0.010353088,0.034240723,0.04156494,0.011222839,-0.0065612793,-0.04373169,-0.029022217,0.03451538,-0.0053253174,0.027267456,-0.006008148,-0.030029297,-0.07434082,-0.030044556,-0.031143188,-0.01777649,-0.009841919,0.04458618,0.007209778,-0.026748657,-0.0055160522,0.014259338,-0.018325806,-0.01701355,-0.008552551,0.009002686,0.017929077,0.0011348724,0.019210815,5.7029724E-4,0.0050735474,-0.014282227,-0.030975342,0.006652832,0.011703491,-0.0041770935,-0.019699097,0.0032520294,-0.011672974,-0.008262634,-0.0095825195,0.021514893,-0.0028953552,-0.032287598,0.0068092346,0.016082764,-8.497238E-4,0.007575989,-0.013969421,-0.017959595,-0.035980225,-0.0014486313,-0.0014419556,0.01033783,0.009963989,-0.021636963,0.0056037903,-0.033966064,0.015083313,0.054595947,0.03756714,0.0056037903,-0.008735657,-0.027420044,0.04006958,0.022766113,-0.0496521,-0.013412476,-9.918213E-4,0.009124756,-0.039123535,-0.016860962,-6.9475174E-4,0.006126404,0.021316528,0.018295288,-0.016693115,-0.018676758,0.05960083,0.015563965,0.014183044,0.018371582,-0.013595581,0.022064209,0.008560181,0.024765015,0.040039062,0.008766174,0.0013837814,0.024795532,-0.005783081,-0.020187378,-0.03439331,-0.020751953,0.03857422,5.543232E-6,-0.03967285,0.035217285,0.005268097,-0.027389526,0.030822754,-0.01852417,-0.007774353,-0.0074310303,-0.017669678,-0.013145447,-0.018707275,0.005695343,0.014320374,0.0018024445,0.023468018,-0.0096588135,-0.020523071,-0.0015630722,0.01979065,0.0034122467,-0.011543274,-0.022216797,0.005744934,0.005569458,-0.008934021,-0.005970001,-0.0070381165,0.014221191,-0.03201294,-0.024291992,-0.005039215,0.0141067505,0.0016965866,0.008453369,-0.011024475,-0.012542725,4.6944618E-4,0.009918213,0.0017023087,0.023468018,-0.030654907,-0.004558563,0.009246826,-0.0044174194,0.021820068,-0.0073547363,0.013710022,0.014350891,-0.03604126,-0.024917603,0.03967285,0.083862305,8.363724E-4,0.028747559,0.02545166,0.0073623657,0.0317688,0.02053833,-0.055023193,-0.0027580261,-0.028793335,0.0060424805,-0.008308411,0.0044898987,-0.0032806396,0.0033874512,0.014572144,-0.020889282,-0.03125,0.032592773,-0.02696228,0.013870239,5.1915646E-5,-0.030197144,0.014533997,0.0041007996,0.0016918182,0.012046814,-0.022750854,-0.0040397644,0.020721436,0.029403687,0.0060424805,-0.007194519,-0.008285522,0.041229248,-0.020050049,-0.024047852,0.0038852692,0.021316528,-0.026916504,-0.020904541,-0.014434814,-0.020431519,0.0071411133,-0.004852295,0.015655518,-0.01285553,0.012992859,0.016723633,-0.028015137,0.033294678,-0.015586853,0.015625,-0.005367279,-0.0024986267,0.013710022,-0.017288208,0.0023880005,0.03466797,0.013519287,-0.03994751,-0.031402588,0.022460938,-0.012771606,-0.02243042,-0.009429932,-0.0104522705,0.005844116,-0.01965332,0.028198242,0.013671875,0.014877319,0.011985779,-0.030471802,0.0057411194,-0.013435364,-0.0056419373,-0.014472961,0.017974854,0.018600464,0.036346436,-0.024795532,-0.0012874603,-0.010688782,-0.014274597,0.04220581,-0.0046653748,0.02456665,-0.02784729,0.005378723,0.011230469,-0.012535095,-0.010971069,-0.022827148,0.0034179688,-0.009231567,-0.03353882,-0.010253906,-0.013557434,0.016448975,0.012489319,0.021606445,0.0070228577,0.042144775,-0.02507019,0.0029354095,-0.0020542145,-0.008911133,-0.036743164,0.00573349,-0.009643555,0.019897461,0.022476196,-0.020629883,-0.021469116,-0.0029659271,0.013442993,0.011398315,-0.011177063,-0.0065612793,0.01675415,-0.0013866425,-0.008216858,-0.010726929,0.014419556,0.016601562,0.006729126,-0.039520264,0.009391785,-0.009284973,0.0060539246,0.004142761,-0.012550354,-0.010543823,0.009490967,0.011100769,0.01335907,0.017333984,0.011772156,-0.008491516,-0.018814087,0.012641907,-0.011199951,0.007881165,-0.0206604,0.02772522,-0.022140503,-0.007858276,-0.0043945312,0.0032958984,0.020339966,-0.030029297,0.0061798096,-0.021331787,-0.008171082,0.006046295,0.03466797,0.0042495728,0.029403687,0.0206604,-0.0036811829,-0.010719299,-0.013496399,0.013725281,-0.025283813,-0.029129028,-0.017166138,0.018707275,0.0020008087,-0.017410278,0.0035495758,-0.031585693,0.011421204,-0.006416321,0.011199951,-0.019332886,-0.005458832,0.026687622,-0.04135132,-0.01889038,0.017608643,-0.027236938,0.02571106,-0.030593872,-2.0837784E-4,0.002702713,0.008705139,-0.023269653,-0.020980835,-0.0041923523,-0.009552002,0.028869629,-0.0317688,0.022155762,0.027175903,0.003314972,-0.0062713623,0.022842407,-0.008384705,0.008674622,-0.032958984,-0.0028629303,0.003490448,9.1791153E-4,0.049102783,0.017745972,0.022918701,-0.030899048,0.003370285,-0.0079956055,-0.0019464493,0.004802704,-0.045013428,-0.013832092,-0.02571106,-0.0049438477,0.027923584,0.032043457,0.014976501,0.0011367798,0.013755798,0.019042969,0.033416748,-0.033935547,-0.025390625,0.03829956,0.01600647,-0.02368164,3.798008E-4,0.007217407,0.001701355,-0.00623703,0.0069503784,-0.028717041,-0.011199951,-0.03564453,0.02330017,-0.024795532,-0.02772522,-0.02217102,-0.03491211,-0.039855957,0.0048561096,-0.039215088,0.015823364,-0.0206604,0.041046143,0.032989502,-0.037872314,0.021484375,-0.011245728,-0.00793457,0.0042915344,-0.0069847107,0.00381279,0.011001587,0.021972656,-0.041931152,-0.008079529,0.026473999,0.0362854,-0.034179688,-0.0151901245,0.0121154785,-0.00894928,0.009399414,-0.0012321472,-0.016967773,0.07147217,0.024765015,0.037322998,-0.009727478,0.027313232,0.02848816,-0.016998291,0.029296875,-0.013298035,-0.0050697327,0.034057617,-0.019424438,0.030075073,-0.027420044,0.002708435,-0.0028514862,0.013374329,0.003643036,-0.0036811829,0.02267456,0.0064926147,-0.027313232,0.0368042,-0.039123535,-0.014274597,0.001458168,0.018173218,0.0093688965,0.00819397,0.024612427,0.016143799,-0.005279541,-0.0013618469,-0.0068969727,0.0017681122,0.0129470825,0.02142334,-0.024749756,0.030044556,0.020050049,-0.017333984,-0.022872925,0.04067993,0.038116455,-0.0046806335,-0.018447876,0.0025806427,-0.01600647,-0.013633728,0.008781433,0.017288208,0.03338623,0.024276733,-0.013885498,0.02029419,-0.028564453,0.049102783,-0.017623901,0.021072388,0.0082092285,0.025283813,-0.027664185,0.0076446533,-0.0017671585,0.006542206,0.012420654,-0.006778717,-0.005756378,-0.02067566,-0.012718201,0.0289917,-0.004611969,-0.010040283,-0.03390503,0.003200531,-0.0035591125,-0.042877197,0.016082764,-0.0025520325,0.011070251,7.748604E-7,-0.008491516,0.016601562,0.025985718,-0.039367676,0.015792847,-0.004310608,-7.9107285E-4,0.010307312,0.035369873,0.020339966,0.0082473755,-0.012580872,0.012786865,0.02407837,-0.019042969,0.016174316,-0.0026950836,4.0531158E-4,-0.035491943,-0.01725769,-0.04650879,0.01512146,0.05154419,0.008735657,-0.03994751,-0.008422852,0.00881958,0.009155273,-0.015136719,-0.00819397,0.036346436,-0.005748749,-0.0063552856,0.01852417,0.013298035,-0.03112793,-0.00995636,-0.013549805,0.030273438,-0.009963989] [Unsupported Types value: 2,125,039,532] [n/a]; SQL [n/a]
	at org.springframework.orm.jpa.vendor.HibernateJpaDialect.convertHibernateAccessException(HibernateJpaDialect.java:281)
	at org.springframework.orm.jpa.vendor.HibernateJpaDialect.convertHibernateAccessException(HibernateJpaDialect.java:256)
	at org.springframework.orm.jpa.vendor.HibernateJpaDialect.translateExceptionIfPossible(HibernateJpaDialect.java:241)
	at org.springframework.orm.jpa.AbstractEntityManagerFactoryBean.translateExceptionIfPossible(AbstractEntityManagerFactoryBean.java:560)
	at org.springframework.dao.support.ChainedPersistenceExceptionTranslator.translateExceptionIfPossible(ChainedPersistenceExceptionTranslator.java:61)
	at org.springframework.dao.support.DataAccessUtils.translateIfNecessary(DataAccessUtils.java:343)
	at org.springframework.dao.support.PersistenceExceptionTranslationInterceptor.invoke(PersistenceExceptionTranslationInterceptor.java:160)
	at org.springframework.aop.framework.ReflectiveMethodInvocation.proceed(ReflectiveMethodInvocation.java:184)
	at org.springframework.data.jpa.repository.support.CrudMethodMetadataPostProcessor$CrudMethodMetadataPopulatingMethodInterceptor.invoke(CrudMethodMetadataPostProcessor.java:165)
	at org.springframework.aop.framework.ReflectiveMethodInvocation.proceed(ReflectiveMethodInvocation.java:184)
	at org.springframework.aop.framework.JdkDynamicAopProxy.invoke(JdkDynamicAopProxy.java:223)
	at jdk.proxy2/jdk.proxy2.$Proxy163.save(Unknown Source)
	at com.rmsc.ai.embedding.EmbeddingService.embedEvent(EmbeddingService.java:66)
	at com.rmsc.ai.embedding.EmbeddingService.embedAll(EmbeddingService.java:74)
	at java.base/jdk.internal.reflect.DirectMethodHandleAccessor.invoke(Unknown Source)
	at java.base/java.lang.reflect.Method.invoke(Unknown Source)
	at org.springframework.aop.support.AopUtils.invokeJoinpointUsingReflection(AopUtils.java:359)
	at org.springframework.aop.framework.ReflectiveMethodInvocation.invokeJoinpoint(ReflectiveMethodInvocation.java:196)
	at org.springframework.aop.framework.ReflectiveMethodInvocation.proceed(ReflectiveMethodInvocation.java:163)
	at org.springframework.transaction.interceptor.TransactionAspectSupport.invokeWithinTransaction(TransactionAspectSupport.java:380)
	at org.springframework.transaction.interceptor.TransactionInterceptor.invoke(TransactionInterceptor.java:119)
	at org.springframework.aop.framework.ReflectiveMethodInvocation.proceed(ReflectiveMethodInvocation.java:184)
	at org.springframework.aop.framework.CglibAopProxy$DynamicAdvisedInterceptor.intercept(CglibAopProxy.java:728)
	at com.rmsc.ai.embedding.EmbeddingService$$SpringCGLIB$$0.embedAll(<generated>)
	at com.rmsc.ai.service.EventService.embedAllPendingEvents(EventService.java:75)
	at java.base/jdk.internal.reflect.DirectMethodHandleAccessor.invoke(Unknown Source)
	at java.base/java.lang.reflect.Method.invoke(Unknown Source)
	at org.springframework.aop.support.AopUtils.invokeJoinpointUsingReflection(AopUtils.java:359)
	at org.springframework.aop.framework.ReflectiveMethodInvocation.invokeJoinpoint(ReflectiveMethodInvocation.java:196)
	at org.springframework.aop.framework.ReflectiveMethodInvocation.proceed(ReflectiveMethodInvocation.java:163)
	at org.springframework.transaction.interceptor.TransactionAspectSupport.invokeWithinTransaction(TransactionAspectSupport.java:380)
	at org.springframework.transaction.interceptor.TransactionInterceptor.invoke(TransactionInterceptor.java:119)
	at org.springframework.aop.framework.ReflectiveMethodInvocation.proceed(ReflectiveMethodInvocation.java:184)
	at org.springframework.aop.framework.CglibAopProxy$DynamicAdvisedInterceptor.intercept(CglibAopProxy.java:728)
	at com.rmsc.ai.service.EventService$$SpringCGLIB$$0.embedAllPendingEvents(<generated>)
	at com.rmsc.ai.controller.EventController.embedAllEvents(EventController.java:59)
	at java.base/jdk.internal.reflect.DirectMethodHandleAccessor.invoke(Unknown Source)
	at java.base/java.lang.reflect.Method.invoke(Unknown Source)
	at org.springframework.web.method.support.InvocableHandlerMethod.doInvoke(InvocableHandlerMethod.java:258)
	at org.springframework.web.method.support.InvocableHandlerMethod.invokeForRequest(InvocableHandlerMethod.java:191)
	at org.springframework.web.servlet.mvc.method.annotation.ServletInvocableHandlerMethod.invokeAndHandle(ServletInvocableHandlerMethod.java:118)
	at org.springframework.web.servlet.mvc.method.annotation.RequestMappingHandlerAdapter.invokeHandlerMethod(RequestMappingHandlerAdapter.java:986)
	at org.springframework.web.servlet.mvc.method.annotation.RequestMappingHandlerAdapter.handleInternal(RequestMappingHandlerAdapter.java:891)
	at org.springframework.web.servlet.mvc.method.AbstractHandlerMethodAdapter.handle(AbstractHandlerMethodAdapter.java:87)
	at org.springframework.web.servlet.DispatcherServlet.doDispatch(DispatcherServlet.java:1089)
	at org.springframework.web.servlet.DispatcherServlet.doService(DispatcherServlet.java:979)
	at org.springframework.web.servlet.FrameworkServlet.processRequest(FrameworkServlet.java:1014)
	at org.springframework.web.servlet.FrameworkServlet.doPost(FrameworkServlet.java:914)
	at jakarta.servlet.http.HttpServlet.service(HttpServlet.java:590)
	at org.springframework.web.servlet.FrameworkServlet.service(FrameworkServlet.java:885)
	at jakarta.servlet.http.HttpServlet.service(HttpServlet.java:658)
	at org.apache.catalina.core.ApplicationFilterChain.internalDoFilter(ApplicationFilterChain.java:195)
	at org.apache.catalina.core.ApplicationFilterChain.doFilter(ApplicationFilterChain.java:140)
	at org.apache.tomcat.websocket.server.WsFilter.doFilter(WsFilter.java:51)
	at org.apache.catalina.core.ApplicationFilterChain.internalDoFilter(ApplicationFilterChain.java:164)
	at org.apache.catalina.core.ApplicationFilterChain.doFilter(ApplicationFilterChain.java:140)
	at org.springframework.web.filter.RequestContextFilter.doFilterInternal(RequestContextFilter.java:100)
	at org.springframework.web.filter.OncePerRequestFilter.doFilter(OncePerRequestFilter.java:116)
	at org.apache.catalina.core.ApplicationFilterChain.internalDoFilter(ApplicationFilterChain.java:164)
	at org.apache.catalina.core.ApplicationFilterChain.doFilter(ApplicationFilterChain.java:140)
	at org.springframework.web.filter.FormContentFilter.doFilterInternal(FormContentFilter.java:93)
	at org.springframework.web.filter.OncePerRequestFilter.doFilter(OncePerRequestFilter.java:116)
	at org.apache.catalina.core.ApplicationFilterChain.internalDoFilter(ApplicationFilterChain.java:164)
	at org.apache.catalina.core.ApplicationFilterChain.doFilter(ApplicationFilterChain.java:140)
	at org.springframework.web.filter.ServerHttpObservationFilter.doFilterInternal(ServerHttpObservationFilter.java:114)
	at org.springframework.web.filter.OncePerRequestFilter.doFilter(OncePerRequestFilter.java:116)
	at org.apache.catalina.core.ApplicationFilterChain.internalDoFilter(ApplicationFilterChain.java:164)
	at org.apache.catalina.core.ApplicationFilterChain.doFilter(ApplicationFilterChain.java:140)
	at org.springframework.web.filter.CharacterEncodingFilter.doFilterInternal(CharacterEncodingFilter.java:201)
	at org.springframework.web.filter.OncePerRequestFilter.doFilter(OncePerRequestFilter.java:116)
	at org.apache.catalina.core.ApplicationFilterChain.internalDoFilter(ApplicationFilterChain.java:164)
	at org.apache.catalina.core.ApplicationFilterChain.doFilter(ApplicationFilterChain.java:140)
	at org.apache.catalina.core.StandardWrapperValve.invoke(StandardWrapperValve.java:167)
	at org.apache.catalina.core.StandardContextValve.invoke(StandardContextValve.java:90)
	at org.apache.catalina.authenticator.AuthenticatorBase.invoke(AuthenticatorBase.java:483)
	at org.apache.catalina.core.StandardHostValve.invoke(StandardHostValve.java:116)
	at org.apache.catalina.valves.ErrorReportValve.invoke(ErrorReportValve.java:93)
	at org.apache.catalina.core.StandardEngineValve.invoke(StandardEngineValve.java:74)
	at org.apache.catalina.connector.CoyoteAdapter.service(CoyoteAdapter.java:344)
	at org.apache.coyote.http11.Http11Processor.service(Http11Processor.java:398)
	at org.apache.coyote.AbstractProcessorLight.process(AbstractProcessorLight.java:63)
	at org.apache.coyote.AbstractProtocol$ConnectionHandler.process(AbstractProtocol.java:903)
	at org.apache.tomcat.util.net.NioEndpoint$SocketProcessor.doRun(NioEndpoint.java:1740)
	at org.apache.tomcat.util.net.SocketProcessorBase.run(SocketProcessorBase.java:52)
	at org.apache.tomcat.util.threads.ThreadPoolExecutor.runWorker(ThreadPoolExecutor.java:1189)
	at org.apache.tomcat.util.threads.ThreadPoolExecutor$Worker.run(ThreadPoolExecutor.java:658)
	at org.apache.tomcat.util.threads.TaskThread$WrappingRunnable.run(TaskThread.java:63)
	at java.base/java.lang.Thread.run(Unknown Source)
Caused by: org.hibernate.exception.SQLGrammarException: Unable to bind parameter #2 - [-0.0018415451,0.0074806213,0.03555298,-0.059936523,-0.033355713,-0.0010662079,0.028427124,0.0028457642,-0.039642334,-0.07800293,0.024932861,0.01574707,-0.03527832,-0.037322998,0.024719238,3.8146973E-6,-0.031341553,0.011177063,0.007865906,-0.032073975,0.04940796,-0.022567749,-0.012191772,-0.026290894,-0.0020046234,-0.03741455,0.012496948,0.035461426,-0.001042366,-0.041656494,0.0034999847,-0.03050232,3.478527E-4,7.5244904E-4,0.034088135,-0.043548584,0.006286621,0.061462402,-0.051635742,0.024810791,0.0058670044,-0.0067863464,-0.016845703,-0.0073928833,0.025482178,0.068237305,0.0038585663,-0.00868988,0.03994751,0.018432617,0.011268616,0.035003662,0.003112793,-0.04840088,0.024520874,0.009918213,0.05444336,0.020996094,-0.03692627,-0.013473511,0.04345703,-0.019012451,0.0029258728,0.020965576,0.015151978,-0.04699707,0.0062179565,-0.020477295,0.042022705,0.008003235,-0.041046143,0.032196045,-0.025238037,-0.03237915,0.023406982,0.028442383,0.005306244,0.0061950684,-0.022079468,0.024475098,0.012809753,0.006652832,-0.023910522,-0.05001831,-0.026687622,-0.053741455,-0.021392822,0.023223877,-0.008140564,0.008270264,-0.011016846,0.03982544,0.025421143,-0.02192688,0.004711151,-0.015655518,-0.020614624,0.030166626,-0.010177612,0.06604004,0.035095215,-0.019577026,-0.02897644,-0.049835205,0.0016460419,0.025787354,-0.033355713,8.6450577E-4,-0.050598145,-0.0095825195,-0.0501709,-0.027770996,-0.0049743652,0.03829956,0.033477783,-0.01033783,0.046539307,-0.0014381409,0.0024318695,-0.002910614,-0.028671265,0.015716553,-0.032073975,-0.0473938,-0.043701172,0.040405273,-0.013008118,-0.031341553,-0.015899658,0.0028438568,-0.02709961,-0.016723633,0.028717041,-0.01474762,-0.030151367,0.003194809,-0.061187744,0.038970947,-0.017196655,-0.011100769,0.01838684,-0.0077323914,-0.004753113,0.052520752,-0.041412354,-0.01537323,0.008522034,-0.050201416,-0.025558472,-1.0955334E-4,-0.039123535,-0.007461548,-0.017456055,-0.0048980713,0.06451416,-0.039245605,-0.04498291,0.01789856,0.033355713,0.019424438,0.03677368,0.014007568,0.03164673,0.015640259,-0.013618469,-0.025817871,-0.027114868,0.008666992,-0.089904785,-0.00982666,0.013725281,-0.01725769,-0.06707764,0.002855301,-0.018234253,0.012367249,-8.3351135E-4,-0.013618469,-0.031921387,-3.2377243E-4,-0.0047340393,0.021148682,-0.008728027,-0.022598267,-0.016159058,0.01676941,-0.0067367554,0.015472412,0.057250977,0.011459351,-0.0074920654,0.012809753,0.009155273,0.0063819885,-0.009712219,-0.056488037,0.0032863617,0.0036678314,0.015052795,-0.026138306,-0.036712646,-0.033935547,0.01159668,0.013519287,-0.04815674,-0.043304443,-0.009002686,0.01878357,-0.013511658,0.00299263,0.06762695,0.007472992,0.032318115,-0.01600647,-1.1777878E-4,-0.030822754,-0.012138367,0.038909912,0.0063209534,-0.070495605,-0.00289917,-0.055999756,0.037597656,0.06317139,0.0056991577,0.034210205,0.012191772,0.03540039,-0.0149383545,-0.06188965,-0.040771484,-0.011703491,0.03213501,0.011177063,-0.012016296,-0.019607544,-0.0057792664,-0.021270752,-0.026641846,0.0021686554,-0.0060157776,0.049865723,-0.010116577,-0.048065186,0.049041748,-0.010810852,0.0052833557,-0.025634766,-0.033721924,0.015365601,0.0041885376,0.012611389,-0.011955261,-0.012748718,-0.022872925,0.019958496,-0.02027893,-0.018508911,-0.03640747,0.008773804,-0.038269043,0.012519836,-0.06427002,0.011451721,-0.0025978088,0.032836914,0.06768799,0.034576416,-0.03579712,0.002002716,7.2813034E-4,0.012969971,0.074645996,0.005001068,-0.05343628,-0.0051345825,-0.013046265,0.038085938,-0.010643005,0.04232788,0.0010061264,-0.052490234,-0.02104187,0.0027484894,0.009460449,0.037322998,0.008491516,0.049835205,-0.013687134,0.01084137,-0.015327454,0.028289795,-0.013458252,0.006942749,-0.009841919,0.013320923,0.008514404,0.008506775,0.004852295,0.011650085,0.050048828,0.022460938,0.0041236877,-0.009307861,0.029052734,0.010063171,-0.005420685,-0.06402588,-0.021728516,0.021255493,-0.0059318542,-0.015853882,0.0132369995,-0.07281494,0.010719299,-0.045013428,0.010513306,0.02508545,0.011985779,-0.02671814,-0.02067566,-0.06982422,0.036621094,-0.037872314,0.009338379,0.03970337,-0.012908936,-0.005844116,0.035064697,-0.008102417,-0.020263672,-0.011962891,0.009864807,0.012557983,0.0025863647,0.017349243,0.038208008,0.010681152,0.026870728,0.010803223,-0.014732361,-0.022598267,-0.03878784,-0.014945984,-0.024093628,-0.045806885,-0.0068244934,0.013824463,0.055877686,0.020202637,0.011421204,-0.015289307,0.0075416565,0.053771973,0.016830444,-0.06274414,0.06744385,-0.0068244934,-0.035827637,0.008361816,0.0016412735,0.003370285,-0.04714966,-0.004032135,-0.034240723,0.050842285,-0.052978516,0.0050697327,-0.03829956,-0.035980225,0.055236816,0.0121536255,-0.022216797,0.013198853,-0.07763672,-0.0020389557,0.0039863586,0.030441284,-0.018844604,0.023468018,0.029220581,-0.047943115,0.041290283,0.0037441254,-0.010253906,0.013771057,0.026641846,0.039276123,0.017028809,-0.04916382,0.04373169,-0.016616821,0.025390625,0.0012130737,-0.021881104,-0.0059394836,0.02508545,-0.002149582,0.0090789795,0.019073486,0.018432617,-0.028198242,-0.015731812,0.022857666,-0.012718201,-0.034942627,-0.023727417,-0.007549286,0.007675171,0.010917664,0.03189087,-0.027496338,0.02709961,-0.057434082,0.04425049,-0.034088135,-0.0019025803,0.047851562,-0.0060195923,0.008598328,-0.05508423,0.0068855286,0.014877319,0.040527344,-0.05517578,-0.017623901,0.016677856,-0.026947021,0.030197144,-0.0435791,-8.3732605E-4,0.018692017,0.066589355,0.040893555,0.02015686,0.010719299,-0.044067383,-0.012390137,0.027801514,0.0440979,0.012817383,0.0011224747,-1.0043383E-4,-0.024414062,-0.0034751892,-0.028701782,-0.03656006,0.019577026,0.0066719055,0.04360962,-0.007156372,0.015541077,0.016677856,0.008346558,-0.035003662,0.033447266,-0.0031108856,-0.035369873,0.020843506,0.027313232,0.004463196,0.038238525,-0.011001587,0.001332283,-0.044647217,0.016586304,0.008125305,0.005168915,0.008598328,0.0014972687,-0.010551453,0.03515625,0.011978149,-0.016921997,0.015396118,0.029693604,0.018356323,0.008285522,-0.045562744,-0.0340271,0.020812988,-0.022903442,0.024612427,0.031051636,0.04421997,0.08660889,0.04510498,-0.025299072,-0.04385376,0.029876709,0.019424438,0.0027713776,0.03805542,-0.012580872,-0.017364502,-0.07861328,-0.02305603,0.01927185,-0.02722168,0.0014362335,0.0031356812,0.026489258,0.027740479,-0.0569458,0.015083313,0.07098389,-0.027816772,0.013145447,-0.011138916,-0.03100586,0.021865845,0.027450562,0.009780884,0.0042648315,-0.016326904,0.016189575,0.03125,0.007381439,0.0022258759,-0.020019531,0.0047836304,-0.055603027,-0.046936035,-0.001288414,3.285408E-4,-0.0035152435,0.009025574,-0.050872803,-0.005466461,-0.04385376,0.004180908,0.006416321,-0.013671875,-0.0317688,-0.04168701,0.054138184,-0.006000519,0.04449463,-0.06124878,0.0047035217,0.021438599,-0.013130188,-0.017333984,-0.027648926,0.01386261,-0.041625977,0.013748169,-0.003232956,0.012634277,0.007068634,0.008178711,-0.0056915283,-0.04055786,0.024490356,0.009628296,0.042541504,-0.029800415,0.0033931732,-0.006084442,0.004814148,0.021835327,0.028518677,0.019805908,-0.034973145,-6.85215E-4,0.036193848,0.015838623,-0.029815674,0.02218628,0.015792847,-0.018737793,0.015541077,-0.032989502,-0.00724411,-0.0022850037,0.0012369156,-0.060333252,-0.027069092,0.013771057,-0.034454346,0.01802063,0.02519226,0.037597656,0.012077332,-0.06567383,0.019592285,0.010620117,0.020339966,-0.020217896,0.02067566,-0.024414062,-6.070137E-4,0.031097412,-0.0035686493,0.012565613,-0.032684326,-0.012023926,0.02217102,0.005558014,0.015464783,-0.04284668,0.01586914,0.019439697,-0.007873535,0.02067566,0.017593384,-0.0028629303,0.017852783,-0.03161621,0.0284729,1.1920929E-6,-0.008651733,0.0056152344,-0.042755127,-0.018875122,0.008857727,-0.0057792664,0.033416748,0.0017871857,0.00248909,0.0017871857,0.016281128,-0.023208618,-0.026290894,0.002281189,-8.3589554E-4,-0.015930176,-0.003080368,-0.057800293,0.005935669,0.05618286,-0.025665283,0.0042304993,0.016738892,0.021850586,0.04486084,0.0026512146,-0.019638062,0.00957489,-0.009780884,0.022918701,-0.0056648254,-0.0031661987,-0.049316406,0.03640747,0.009437561,-0.011100769,0.05307007,0.009284973,-0.029922485,-0.016937256,-0.052581787,0.025222778,0.059631348,-0.0035057068,-0.051330566,-0.036987305,0.008201599,0.012184143,0.0028629303,-0.004928589,0.045288086,0.01586914,-0.009002686,0.0031967163,0.02067566,-0.037017822,0.05154419,0.012870789,8.72612E-5,-0.02709961,0.0033988953,-0.014221191,0.009063721,5.5885315E-4,0.029342651,0.020645142,0.016357422,0.0056114197,0.014419556,-0.033935547,0.0049858093,-0.028869629,0.0074882507,0.011703491,-0.036895752,-0.017318726,-0.0015211105,0.010246277,-0.013282776,-0.0032138824,-0.021530151,-0.0074386597,0.010391235,0.021331787,-0.056640625,0.05142212,0.021896362,-0.038085938,-0.058044434,-0.024658203,-0.015991211,0.015434265,-0.022415161,-0.0440979,-0.037475586,-0.036468506,-0.016677856,0.037750244,0.016342163,0.034942627,0.0071105957,-0.047973633,-0.019989014,0.016708374,0.015235901,-0.0022296906,-0.004005432,0.0012807846,-0.038879395,0.007282257,0.0031547546,0.011924744,-5.6123734E-4,-0.04031372,0.010551453,0.028564453,0.03842163,-0.020599365,0.0033340454,0.0012865067,-0.01600647,0.010818481,-0.004421234,0.04043579,0.0011758804,-0.013168335,0.026794434,0.025009155,0.00920105,-0.027450562,0.033294678,-0.042053223,-0.002943039,-0.03366089,0.006111145,9.946823E-4,0.049102783,-0.044891357,-0.018936157,-0.02128601,0.009353638,0.004234314,0.012207031,0.015197754,0.0013942719,-0.004085541,0.018814087,0.02293396,-0.026245117,-0.017456055,0.012458801,-0.010375977,0.016647339,0.0076942444,-0.0030155182,-0.012008667,-0.019165039,-0.013549805,-0.023132324,-0.03378296,0.01109314,-0.011314392,0.016677856,0.006477356,0.0060653687,-0.033203125,-0.030975342,-0.023620605,0.013809204,-0.03253174,-0.032562256,-0.03152466,0.049041748,-0.035186768,0.0027866364,-0.004360199,0.02053833,0.011680603,-0.020751953,-0.015052795,0.027694702,0.026245117,0.032318115,0.04119873,-0.005744934,-0.00289917,-0.10192871,-0.048065186,-0.021026611,-0.024459839,-0.02709961,-0.0385437,0.017486572,0.005344391,-0.011604309,-0.013931274,0.05105591,0.018417358,-0.02746582,0.0010881424,-3.5238266E-4,-0.01737976,0.018051147,0.010520935,3.6525726E-4,-0.049041748,0.015625,-0.03515625,-0.009498596,0.019500732,-0.05065918,-0.024154663,-0.032562256,0.004951477,-0.01991272,-0.039001465,0.040527344,0.048736572,0.02355957,0.037017822,-0.0038661957,-0.03137207,-0.03768921,-0.0042304993,0.015930176,0.0033454895,0.015213013,-0.013122559,0.03086853,-0.022766113,0.001335144,0.027313232,-0.013008118,0.016159058,-0.01260376,0.0011663437,0.0045280457,-0.015838623,0.03125,0.021911621,0.0146102905,0.035217285,-0.013870239,-0.01687622,0.025848389,-8.0919266E-4,-0.012390137,0.031707764,0.014419556,-0.022781372,-0.021362305,0.023605347,-0.006034851,0.015823364,-0.0036087036,0.0146865845,-0.014198303,0.004600525,-0.019683838,0.022216797,0.010040283,0.0039024353,-0.014884949,-0.0059509277,0.0034656525,0.016937256,0.050201416,0.020645142,-0.019699097,-0.009086609,-0.03326416,-0.011772156,0.0016508102,0.013160706,0.029922485,-0.018432617,0.018295288,-0.031585693,-0.024475098,0.0039749146,0.0098724365,0.018173218,0.011177063,-0.047698975,-0.010040283,0.0109939575,-0.009811401,-0.0024757385,-0.01184845,-0.040039062,-0.010498047,0.014259338,0.01676941,0.028442383,-0.012138367,0.0099487305,-0.0026512146,-0.005306244,0.005420685,0.03390503,-0.02722168,0.008033752,-0.004497528,-0.01600647,-0.03475952,-0.005569458,0.003921509,-0.0015182495,-0.057739258,0.006374359,-0.024017334,0.0066223145,-0.009468079,0.0390625,-0.006385803,-0.0020179749,-0.0104904175,0.031219482,-0.05819702,0.0013341904,-0.037200928,-0.013320923,0.029418945,-0.004886627,-0.017944336,0.016220093,0.039764404,0.0070877075,-0.038269043,0.00945282,0.01838684,0.0036239624,0.003917694,0.016220093,-0.008903503,0.013648987,0.044891357,0.006164551,-0.008415222,-0.0044441223,-0.024032593,0.013412476,-0.045410156,0.009864807,-0.012710571,-0.025497437,0.018951416,0.018188477,-0.0024604797,-1.578331E-4,-0.012565613,0.035827637,-0.024673462,-0.013687134,-0.009292603,-0.03491211,0.0036754608,-0.02746582,-0.005821228,0.020965576,-0.007598877,-0.02633667,0.03616333,-0.032073975,-0.023391724,0.02671814,-0.029052734,0.005329132,0.018692017,0.04550171,0.020095825,0.014533997,0.0038871765,0.018585205,0.05368042,-0.019927979,0.03012085,0.015945435,-0.00919342,0.021331787,0.0060157776,0.01600647,0.024124146,0.021850586,-0.01828003,0.0037250519,-0.008598328,-0.0096588135,-0.01525116,-0.010353088,0.034240723,0.04156494,0.011222839,-0.0065612793,-0.04373169,-0.029022217,0.03451538,-0.0053253174,0.027267456,-0.006008148,-0.030029297,-0.07434082,-0.030044556,-0.031143188,-0.01777649,-0.009841919,0.04458618,0.007209778,-0.026748657,-0.0055160522,0.014259338,-0.018325806,-0.01701355,-0.008552551,0.009002686,0.017929077,0.0011348724,0.019210815,5.7029724E-4,0.0050735474,-0.014282227,-0.030975342,0.006652832,0.011703491,-0.0041770935,-0.019699097,0.0032520294,-0.011672974,-0.008262634,-0.0095825195,0.021514893,-0.0028953552,-0.032287598,0.0068092346,0.016082764,-8.497238E-4,0.007575989,-0.013969421,-0.017959595,-0.035980225,-0.0014486313,-0.0014419556,0.01033783,0.009963989,-0.021636963,0.0056037903,-0.033966064,0.015083313,0.054595947,0.03756714,0.0056037903,-0.008735657,-0.027420044,0.04006958,0.022766113,-0.0496521,-0.013412476,-9.918213E-4,0.009124756,-0.039123535,-0.016860962,-6.9475174E-4,0.006126404,0.021316528,0.018295288,-0.016693115,-0.018676758,0.05960083,0.015563965,0.014183044,0.018371582,-0.013595581,0.022064209,0.008560181,0.024765015,0.040039062,0.008766174,0.0013837814,0.024795532,-0.005783081,-0.020187378,-0.03439331,-0.020751953,0.03857422,5.543232E-6,-0.03967285,0.035217285,0.005268097,-0.027389526,0.030822754,-0.01852417,-0.007774353,-0.0074310303,-0.017669678,-0.013145447,-0.018707275,0.005695343,0.014320374,0.0018024445,0.023468018,-0.0096588135,-0.020523071,-0.0015630722,0.01979065,0.0034122467,-0.011543274,-0.022216797,0.005744934,0.005569458,-0.008934021,-0.005970001,-0.0070381165,0.014221191,-0.03201294,-0.024291992,-0.005039215,0.0141067505,0.0016965866,0.008453369,-0.011024475,-0.012542725,4.6944618E-4,0.009918213,0.0017023087,0.023468018,-0.030654907,-0.004558563,0.009246826,-0.0044174194,0.021820068,-0.0073547363,0.013710022,0.014350891,-0.03604126,-0.024917603,0.03967285,0.083862305,8.363724E-4,0.028747559,0.02545166,0.0073623657,0.0317688,0.02053833,-0.055023193,-0.0027580261,-0.028793335,0.0060424805,-0.008308411,0.0044898987,-0.0032806396,0.0033874512,0.014572144,-0.020889282,-0.03125,0.032592773,-0.02696228,0.013870239,5.1915646E-5,-0.030197144,0.014533997,0.0041007996,0.0016918182,0.012046814,-0.022750854,-0.0040397644,0.020721436,0.029403687,0.0060424805,-0.007194519,-0.008285522,0.041229248,-0.020050049,-0.024047852,0.0038852692,0.021316528,-0.026916504,-0.020904541,-0.014434814,-0.020431519,0.0071411133,-0.004852295,0.015655518,-0.01285553,0.012992859,0.016723633,-0.028015137,0.033294678,-0.015586853,0.015625,-0.005367279,-0.0024986267,0.013710022,-0.017288208,0.0023880005,0.03466797,0.013519287,-0.03994751,-0.031402588,0.022460938,-0.012771606,-0.02243042,-0.009429932,-0.0104522705,0.005844116,-0.01965332,0.028198242,0.013671875,0.014877319,0.011985779,-0.030471802,0.0057411194,-0.013435364,-0.0056419373,-0.014472961,0.017974854,0.018600464,0.036346436,-0.024795532,-0.0012874603,-0.010688782,-0.014274597,0.04220581,-0.0046653748,0.02456665,-0.02784729,0.005378723,0.011230469,-0.012535095,-0.010971069,-0.022827148,0.0034179688,-0.009231567,-0.03353882,-0.010253906,-0.013557434,0.016448975,0.012489319,0.021606445,0.0070228577,0.042144775,-0.02507019,0.0029354095,-0.0020542145,-0.008911133,-0.036743164,0.00573349,-0.009643555,0.019897461,0.022476196,-0.020629883,-0.021469116,-0.0029659271,0.013442993,0.011398315,-0.011177063,-0.0065612793,0.01675415,-0.0013866425,-0.008216858,-0.010726929,0.014419556,0.016601562,0.006729126,-0.039520264,0.009391785,-0.009284973,0.0060539246,0.004142761,-0.012550354,-0.010543823,0.009490967,0.011100769,0.01335907,0.017333984,0.011772156,-0.008491516,-0.018814087,0.012641907,-0.011199951,0.007881165,-0.0206604,0.02772522,-0.022140503,-0.007858276,-0.0043945312,0.0032958984,0.020339966,-0.030029297,0.0061798096,-0.021331787,-0.008171082,0.006046295,0.03466797,0.0042495728,0.029403687,0.0206604,-0.0036811829,-0.010719299,-0.013496399,0.013725281,-0.025283813,-0.029129028,-0.017166138,0.018707275,0.0020008087,-0.017410278,0.0035495758,-0.031585693,0.011421204,-0.006416321,0.011199951,-0.019332886,-0.005458832,0.026687622,-0.04135132,-0.01889038,0.017608643,-0.027236938,0.02571106,-0.030593872,-2.0837784E-4,0.002702713,0.008705139,-0.023269653,-0.020980835,-0.0041923523,-0.009552002,0.028869629,-0.0317688,0.022155762,0.027175903,0.003314972,-0.0062713623,0.022842407,-0.008384705,0.008674622,-0.032958984,-0.0028629303,0.003490448,9.1791153E-4,0.049102783,0.017745972,0.022918701,-0.030899048,0.003370285,-0.0079956055,-0.0019464493,0.004802704,-0.045013428,-0.013832092,-0.02571106,-0.0049438477,0.027923584,0.032043457,0.014976501,0.0011367798,0.013755798,0.019042969,0.033416748,-0.033935547,-0.025390625,0.03829956,0.01600647,-0.02368164,3.798008E-4,0.007217407,0.001701355,-0.00623703,0.0069503784,-0.028717041,-0.011199951,-0.03564453,0.02330017,-0.024795532,-0.02772522,-0.02217102,-0.03491211,-0.039855957,0.0048561096,-0.039215088,0.015823364,-0.0206604,0.041046143,0.032989502,-0.037872314,0.021484375,-0.011245728,-0.00793457,0.0042915344,-0.0069847107,0.00381279,0.011001587,0.021972656,-0.041931152,-0.008079529,0.026473999,0.0362854,-0.034179688,-0.0151901245,0.0121154785,-0.00894928,0.009399414,-0.0012321472,-0.016967773,0.07147217,0.024765015,0.037322998,-0.009727478,0.027313232,0.02848816,-0.016998291,0.029296875,-0.013298035,-0.0050697327,0.034057617,-0.019424438,0.030075073,-0.027420044,0.002708435,-0.0028514862,0.013374329,0.003643036,-0.0036811829,0.02267456,0.0064926147,-0.027313232,0.0368042,-0.039123535,-0.014274597,0.001458168,0.018173218,0.0093688965,0.00819397,0.024612427,0.016143799,-0.005279541,-0.0013618469,-0.0068969727,0.0017681122,0.0129470825,0.02142334,-0.024749756,0.030044556,0.020050049,-0.017333984,-0.022872925,0.04067993,0.038116455,-0.0046806335,-0.018447876,0.0025806427,-0.01600647,-0.013633728,0.008781433,0.017288208,0.03338623,0.024276733,-0.013885498,0.02029419,-0.028564453,0.049102783,-0.017623901,0.021072388,0.0082092285,0.025283813,-0.027664185,0.0076446533,-0.0017671585,0.006542206,0.012420654,-0.006778717,-0.005756378,-0.02067566,-0.012718201,0.0289917,-0.004611969,-0.010040283,-0.03390503,0.003200531,-0.0035591125,-0.042877197,0.016082764,-0.0025520325,0.011070251,7.748604E-7,-0.008491516,0.016601562,0.025985718,-0.039367676,0.015792847,-0.004310608,-7.9107285E-4,0.010307312,0.035369873,0.020339966,0.0082473755,-0.012580872,0.012786865,0.02407837,-0.019042969,0.016174316,-0.0026950836,4.0531158E-4,-0.035491943,-0.01725769,-0.04650879,0.01512146,0.05154419,0.008735657,-0.03994751,-0.008422852,0.00881958,0.009155273,-0.015136719,-0.00819397,0.036346436,-0.005748749,-0.0063552856,0.01852417,0.013298035,-0.03112793,-0.00995636,-0.013549805,0.030273438,-0.009963989] [Unsupported Types value: 2,125,039,532] [n/a]
	at org.hibernate.exception.internal.SQLStateConversionDelegate.convert(SQLStateConversionDelegate.java:91)
	at org.hibernate.exception.internal.StandardSQLExceptionConverter.convert(StandardSQLExceptionConverter.java:58)
	at org.hibernate.engine.jdbc.spi.SqlExceptionHelper.convert(SqlExceptionHelper.java:108)
	at org.hibernate.engine.jdbc.spi.SqlExceptionHelper.convert(SqlExceptionHelper.java:94)
	at org.hibernate.engine.jdbc.mutation.internal.JdbcValueBindingsImpl.lambda$beforeStatement$0(JdbcValueBindingsImpl.java:95)
	at java.base/java.lang.Iterable.forEach(Unknown Source)
	at org.hibernate.engine.jdbc.mutation.spi.BindingGroup.forEachBinding(BindingGroup.java:51)
	at org.hibernate.engine.jdbc.mutation.internal.JdbcValueBindingsImpl.beforeStatement(JdbcValueBindingsImpl.java:85)
	at org.hibernate.id.insert.GetGeneratedKeysDelegate.performMutation(GetGeneratedKeysDelegate.java:114)
	at org.hibernate.engine.jdbc.mutation.internal.MutationExecutorSingleNonBatched.performNonBatchedOperations(MutationExecutorSingleNonBatched.java:47)
	at org.hibernate.engine.jdbc.mutation.internal.AbstractMutationExecutor.execute(AbstractMutationExecutor.java:55)
	at org.hibernate.persister.entity.mutation.InsertCoordinatorStandard.doStaticInserts(InsertCoordinatorStandard.java:194)
	at org.hibernate.persister.entity.mutation.InsertCoordinatorStandard.coordinateInsert(InsertCoordinatorStandard.java:132)
	at org.hibernate.persister.entity.mutation.InsertCoordinatorStandard.insert(InsertCoordinatorStandard.java:95)
	at org.hibernate.action.internal.EntityIdentityInsertAction.execute(EntityIdentityInsertAction.java:85)
	at org.hibernate.engine.spi.ActionQueue.execute(ActionQueue.java:682)
	at org.hibernate.engine.spi.ActionQueue.addResolvedEntityInsertAction(ActionQueue.java:293)
	at org.hibernate.engine.spi.ActionQueue.addInsertAction(ActionQueue.java:274)
	at org.hibernate.engine.spi.ActionQueue.addAction(ActionQueue.java:324)
	at org.hibernate.event.internal.AbstractSaveEventListener.addInsertAction(AbstractSaveEventListener.java:394)
	at org.hibernate.event.internal.AbstractSaveEventListener.performSaveOrReplicate(AbstractSaveEventListener.java:308)
	at org.hibernate.event.internal.AbstractSaveEventListener.performSave(AbstractSaveEventListener.java:224)
	at org.hibernate.event.internal.AbstractSaveEventListener.saveWithGeneratedId(AbstractSaveEventListener.java:136)
	at org.hibernate.event.internal.DefaultPersistEventListener.entityIsTransient(DefaultPersistEventListener.java:177)
	at org.hibernate.event.internal.DefaultPersistEventListener.persist(DefaultPersistEventListener.java:95)
	at org.hibernate.event.internal.DefaultPersistEventListener.onPersist(DefaultPersistEventListener.java:79)
	at org.hibernate.event.internal.DefaultPersistEventListener.onPersist(DefaultPersistEventListener.java:55)
	at org.hibernate.event.service.internal.EventListenerGroupImpl.fireEventOnEachListener(EventListenerGroupImpl.java:127)
	at org.hibernate.internal.SessionImpl.firePersist(SessionImpl.java:761)
	at org.hibernate.internal.SessionImpl.persist(SessionImpl.java:745)
	at java.base/jdk.internal.reflect.DirectMethodHandleAccessor.invoke(Unknown Source)
	at java.base/java.lang.reflect.Method.invoke(Unknown Source)
	at org.springframework.orm.jpa.ExtendedEntityManagerCreator$ExtendedEntityManagerInvocationHandler.invoke(ExtendedEntityManagerCreator.java:364)
	at jdk.proxy2/jdk.proxy2.$Proxy158.persist(Unknown Source)
	at java.base/jdk.internal.reflect.DirectMethodHandleAccessor.invoke(Unknown Source)
	at java.base/java.lang.reflect.Method.invoke(Unknown Source)
	at org.springframework.orm.jpa.SharedEntityManagerCreator$SharedEntityManagerInvocationHandler.invoke(SharedEntityManagerCreator.java:320)
	at jdk.proxy2/jdk.proxy2.$Proxy158.persist(Unknown Source)
	at org.springframework.data.jpa.repository.support.SimpleJpaRepository.save(SimpleJpaRepository.java:651)
	at java.base/jdk.internal.reflect.DirectMethodHandleAccessor.invoke(Unknown Source)
	at java.base/java.lang.reflect.Method.invoke(Unknown Source)
	at org.springframework.aop.support.AopUtils.invokeJoinpointUsingReflection(AopUtils.java:359)
	at org.springframework.data.repository.core.support.RepositoryMethodInvoker$RepositoryFragmentMethodInvoker.lambda$new$0(RepositoryMethodInvoker.java:277)
	at org.springframework.data.repository.core.support.RepositoryMethodInvoker.doInvoke(RepositoryMethodInvoker.java:170)
	at org.springframework.data.repository.core.support.RepositoryMethodInvoker.invoke(RepositoryMethodInvoker.java:158)
	at org.springframework.data.repository.core.support.RepositoryComposition$RepositoryFragments.invoke(RepositoryComposition.java:515)
	at org.springframework.data.repository.core.support.RepositoryComposition.invoke(RepositoryComposition.java:284)
	at org.springframework.data.repository.core.support.RepositoryFactorySupport$ImplementationMethodExecutionInterceptor.invoke(RepositoryFactorySupport.java:734)
	at org.springframework.aop.framework.ReflectiveMethodInvocation.proceed(ReflectiveMethodInvocation.java:184)
	at org.springframework.data.repository.core.support.QueryExecutorMethodInterceptor.doInvoke(QueryExecutorMethodInterceptor.java:174)
	at org.springframework.data.repository.core.support.QueryExecutorMethodInterceptor.invoke(QueryExecutorMethodInterceptor.java:149)
	at org.springframework.aop.framework.ReflectiveMethodInvocation.proceed(ReflectiveMethodInvocation.java:184)
	at org.springframework.data.projection.DefaultMethodInvokingMethodInterceptor.invoke(DefaultMethodInvokingMethodInterceptor.java:69)
	at org.springframework.aop.framework.ReflectiveMethodInvocation.proceed(ReflectiveMethodInvocation.java:184)
	at org.springframework.transaction.interceptor.TransactionAspectSupport.invokeWithinTransaction(TransactionAspectSupport.java:380)
	at org.springframework.transaction.interceptor.TransactionInterceptor.invoke(TransactionInterceptor.java:119)
	at org.springframework.aop.framework.ReflectiveMethodInvocation.proceed(ReflectiveMethodInvocation.java:184)
	at org.springframework.dao.support.PersistenceExceptionTranslationInterceptor.invoke(PersistenceExceptionTranslationInterceptor.java:138)
	... 81 common frames omitted
Caused by: org.postgresql.util.PSQLException: Unsupported Types value: 2,125,039,532
	at org.postgresql.jdbc.PgPreparedStatement.setObject(PgPreparedStatement.java:749)
	at org.postgresql.jdbc.PgPreparedStatement.setObject(PgPreparedStatement.java:987)
	at com.zaxxer.hikari.pool.HikariProxyPreparedStatement.setObject(HikariProxyPreparedStatement.java)
	at org.hibernate.type.descriptor.jdbc.ObjectJdbcType$1.doBind(ObjectJdbcType.java:63)
	at org.hibernate.type.descriptor.jdbc.BasicBinder.bind(BasicBinder.java:61)
	at org.hibernate.engine.jdbc.mutation.internal.JdbcValueBindingsImpl.lambda$beforeStatement$0(JdbcValueBindingsImpl.java:87)
	... 134 common frames omitted
2026-07-08 06:51:44.382 [http-nio-8080-exec-4] ERROR org.hibernate.AssertionFailure - HHH000099: an assertion failure occurred (this may indicate a bug in Hibernate, but is more likely due to unsafe use of the session): org.hibernate.AssertionFailure: null id in com.rmsc.ai.entity.EventEmbedding entry (don't flush the Session after an exception occurs)
2026-07-08 06:51:44.384 [http-nio-8080-exec-4] ERROR c.rmsc.ai.embedding.EmbeddingService - Failed to embed event [id=2]: null id in com.rmsc.ai.entity.EventEmbedding entry (don't flush the Session after an exception occurs)
org.hibernate.AssertionFailure: null id in com.rmsc.ai.entity.EventEmbedding entry (don't flush the Session after an exception occurs)
	at org.hibernate.event.internal.DefaultFlushEntityEventListener.checkId(DefaultFlushEntityEventListener.java:86)
	at org.hibernate.event.internal.DefaultFlushEntityEventListener.getValues(DefaultFlushEntityEventListener.java:182)
	at org.hibernate.event.internal.DefaultFlushEntityEventListener.onFlushEntity(DefaultFlushEntityEventListener.java:141)
	at org.hibernate.event.service.internal.EventListenerGroupImpl.fireEventOnEachListener(EventListenerGroupImpl.java:127)
	at org.hibernate.event.internal.AbstractFlushingEventListener.flushEntities(AbstractFlushingEventListener.java:269)
	at org.hibernate.event.internal.AbstractFlushingEventListener.flushEverythingToExecutions(AbstractFlushingEventListener.java:90)
	at org.hibernate.event.internal.DefaultAutoFlushEventListener.onAutoFlush(DefaultAutoFlushEventListener.java:58)
	at org.hibernate.event.service.internal.EventListenerGroupImpl.fireEventOnEachListener(EventListenerGroupImpl.java:127)
	at org.hibernate.internal.SessionImpl.autoFlushIfRequired(SessionImpl.java:1379)
	at org.hibernate.query.sqm.internal.ConcreteSqmSelectQueryPlan.lambda$new$1(ConcreteSqmSelectQueryPlan.java:145)
	at org.hibernate.query.sqm.internal.ConcreteSqmSelectQueryPlan.withCacheableSqmInterpretation(ConcreteSqmSelectQueryPlan.java:442)
	at org.hibernate.query.sqm.internal.ConcreteSqmSelectQueryPlan.performList(ConcreteSqmSelectQueryPlan.java:362)
	at org.hibernate.query.sqm.internal.QuerySqmImpl.doList(QuerySqmImpl.java:380)
	at org.hibernate.query.spi.AbstractSelectionQuery.list(AbstractSelectionQuery.java:143)
	at org.hibernate.query.Query.getResultList(Query.java:120)
	at org.springframework.data.jpa.repository.query.JpaQueryExecution$ExistsExecution.doExecute(JpaQueryExecution.java:316)
	at org.springframework.data.jpa.repository.query.JpaQueryExecution.execute(JpaQueryExecution.java:93)
	at org.springframework.data.jpa.repository.query.AbstractJpaQuery.doExecute(AbstractJpaQuery.java:159)
	at org.springframework.data.jpa.repository.query.AbstractJpaQuery.execute(AbstractJpaQuery.java:147)
	at org.springframework.data.repository.core.support.RepositoryMethodInvoker.doInvoke(RepositoryMethodInvoker.java:170)
	at org.springframework.data.repository.core.support.RepositoryMethodInvoker.invoke(RepositoryMethodInvoker.java:158)
	at org.springframework.data.repository.core.support.QueryExecutorMethodInterceptor.doInvoke(QueryExecutorMethodInterceptor.java:170)
	at org.springframework.data.repository.core.support.QueryExecutorMethodInterceptor.invoke(QueryExecutorMethodInterceptor.java:149)
	at org.springframework.aop.framework.ReflectiveMethodInvocation.proceed(ReflectiveMethodInvocation.java:184)
	at org.springframework.data.projection.DefaultMethodInvokingMethodInterceptor.invoke(DefaultMethodInvokingMethodInterceptor.java:69)
	at org.springframework.aop.framework.ReflectiveMethodInvocation.proceed(ReflectiveMethodInvocation.java:184)
	at org.springframework.transaction.interceptor.TransactionAspectSupport.invokeWithinTransaction(TransactionAspectSupport.java:380)
	at org.springframework.transaction.interceptor.TransactionInterceptor.invoke(TransactionInterceptor.java:119)
	at org.springframework.aop.framework.ReflectiveMethodInvocation.proceed(ReflectiveMethodInvocation.java:184)
	at org.springframework.dao.support.PersistenceExceptionTranslationInterceptor.invoke(PersistenceExceptionTranslationInterceptor.java:138)
	at org.springframework.aop.framework.ReflectiveMethodInvocation.proceed(ReflectiveMethodInvocation.java:184)
	at org.springframework.data.jpa.repository.support.CrudMethodMetadataPostProcessor$CrudMethodMetadataPopulatingMethodInterceptor.invoke(CrudMethodMetadataPostProcessor.java:136)
	at org.springframework.aop.framework.ReflectiveMethodInvocation.proceed(ReflectiveMethodInvocation.java:184)
	at org.springframework.aop.framework.JdkDynamicAopProxy.invoke(JdkDynamicAopProxy.java:223)
	at jdk.proxy2/jdk.proxy2.$Proxy163.existsByEventHistoryId(Unknown Source)
	at com.rmsc.ai.embedding.EmbeddingService.embedEvent(EmbeddingService.java:44)
	at com.rmsc.ai.embedding.EmbeddingService.embedAll(EmbeddingService.java:74)
	at java.base/jdk.internal.reflect.DirectMethodHandleAccessor.invoke(Unknown Source)
	at java.base/java.lang.reflect.Method.invoke(Unknown Source)
	at org.springframework.aop.support.AopUtils.invokeJoinpointUsingReflection(AopUtils.java:359)
	at org.springframework.aop.framework.ReflectiveMethodInvocation.invokeJoinpoint(ReflectiveMethodInvocation.java:196)
	at org.springframework.aop.framework.ReflectiveMethodInvocation.proceed(ReflectiveMethodInvocation.java:163)
	at org.springframework.transaction.interceptor.TransactionAspectSupport.invokeWithinTransaction(TransactionAspectSupport.java:380)
	at org.springframework.transaction.interceptor.TransactionInterceptor.invoke(TransactionInterceptor.java:119)
	at org.springframework.aop.framework.ReflectiveMethodInvocation.proceed(ReflectiveMethodInvocation.java:184)
	at org.springframework.aop.framework.CglibAopProxy$DynamicAdvisedInterceptor.intercept(CglibAopProxy.java:728)
	at com.rmsc.ai.embedding.EmbeddingService$$SpringCGLIB$$0.embedAll(<generated>)
	at com.rmsc.ai.service.EventService.embedAllPendingEvents(EventService.java:75)
	at java.base/jdk.internal.reflect.DirectMethodHandleAccessor.invoke(Unknown Source)
	at java.base/java.lang.reflect.Method.invoke(Unknown Source)
	at org.springframework.aop.support.AopUtils.invokeJoinpointUsingReflection(AopUtils.java:359)
	at org.springframework.aop.framework.ReflectiveMethodInvocation.invokeJoinpoint(ReflectiveMethodInvocation.java:196)
	at org.springframework.aop.framework.ReflectiveMethodInvocation.proceed(ReflectiveMethodInvocation.java:163)
	at org.springframework.transaction.interceptor.TransactionAspectSupport.invokeWithinTransaction(TransactionAspectSupport.java:380)
	at org.springframework.transaction.interceptor.TransactionInterceptor.invoke(TransactionInterceptor.java:119)
	at org.springframework.aop.framework.ReflectiveMethodInvocation.proceed(ReflectiveMethodInvocation.java:184)
	at org.springframework.aop.framework.CglibAopProxy$DynamicAdvisedInterceptor.intercept(CglibAopProxy.java:728)
	at com.rmsc.ai.service.EventService$$SpringCGLIB$$0.embedAllPendingEvents(<generated>)
	at com.rmsc.ai.controller.EventController.embedAllEvents(EventController.java:59)
	at java.base/jdk.internal.reflect.DirectMethodHandleAccessor.invoke(Unknown Source)
	at java.base/java.lang.reflect.Method.invoke(Unknown Source)
	at org.springframework.web.method.support.InvocableHandlerMethod.doInvoke(InvocableHandlerMethod.java:258)
	at org.springframework.web.method.support.InvocableHandlerMethod.invokeForRequest(InvocableHandlerMethod.java:191)
	at org.springframework.web.servlet.mvc.method.annotation.ServletInvocableHandlerMethod.invokeAndHandle(ServletInvocableHandlerMethod.java:118)
	at org.springframework.web.servlet.mvc.method.annotation.RequestMappingHandlerAdapter.invokeHandlerMethod(RequestMappingHandlerAdapter.java:986)
	at org.springframework.web.servlet.mvc.method.annotation.RequestMappingHandlerAdapter.handleInternal(RequestMappingHandlerAdapter.java:891)
	at org.springframework.web.servlet.mvc.method.AbstractHandlerMethodAdapter.handle(AbstractHandlerMethodAdapter.java:87)
	at org.springframework.web.servlet.DispatcherServlet.doDispatch(DispatcherServlet.java:1089)
	at org.springframework.web.servlet.DispatcherServlet.doService(DispatcherServlet.java:979)
	at org.springframework.web.servlet.FrameworkServlet.processRequest(FrameworkServlet.java:1014)
	at org.springframework.web.servlet.FrameworkServlet.doPost(FrameworkServlet.java:914)
	at jakarta.servlet.http.HttpServlet.service(HttpServlet.java:590)
	at org.springframework.web.servlet.FrameworkServlet.service(FrameworkServlet.java:885)
	at jakarta.servlet.http.HttpServlet.service(HttpServlet.java:658)
	at org.apache.catalina.core.ApplicationFilterChain.internalDoFilter(ApplicationFilterChain.java:195)
	at org.apache.catalina.core.ApplicationFilterChain.doFilter(ApplicationFilterChain.java:140)
	at org.apache.tomcat.websocket.server.WsFilter.doFilter(WsFilter.java:51)
	at org.apache.catalina.core.ApplicationFilterChain.internalDoFilter(ApplicationFilterChain.java:164)
	at org.apache.catalina.core.ApplicationFilterChain.doFilter(ApplicationFilterChain.java:140)
	at org.springframework.web.filter.RequestContextFilter.doFilterInternal(RequestContextFilter.java:100)
	at org.springframework.web.filter.OncePerRequestFilter.doFilter(OncePerRequestFilter.java:116)
	at org.apache.catalina.core.ApplicationFilterChain.internalDoFilter(ApplicationFilterChain.java:164)
	at org.apache.catalina.core.ApplicationFilterChain.doFilter(ApplicationFilterChain.java:140)
	at org.springframework.web.filter.FormContentFilter.doFilterInternal(FormContentFilter.java:93)
	at org.springframework.web.filter.OncePerRequestFilter.doFilter(OncePerRequestFilter.java:116)
	at org.apache.catalina.core.ApplicationFilterChain.internalDoFilter(ApplicationFilterChain.java:164)
	at org.apache.catalina.core.ApplicationFilterChain.doFilter(ApplicationFilterChain.java:140)
	at org.springframework.web.filter.ServerHttpObservationFilter.doFilterInternal(ServerHttpObservationFilter.java:114)
	at org.springframework.web.filter.OncePerRequestFilter.doFilter(OncePerRequestFilter.java:116)
	at org.apache.catalina.core.ApplicationFilterChain.internalDoFilter(ApplicationFilterChain.java:164)
	at org.apache.catalina.core.ApplicationFilterChain.doFilter(ApplicationFilterChain.java:140)
	at org.springframework.web.filter.CharacterEncodingFilter.doFilterInternal(CharacterEncodingFilter.java:201)
	at org.springframework.web.filter.OncePerRequestFilter.doFilter(OncePerRequestFilter.java:116)
	at org.apache.catalina.core.ApplicationFilterChain.internalDoFilter(ApplicationFilterChain.java:164)
	at org.apache.catalina.core.ApplicationFilterChain.doFilter(ApplicationFilterChain.java:140)
	at org.apache.catalina.core.StandardWrapperValve.invoke(StandardWrapperValve.java:167)
	at org.apache.catalina.core.StandardContextValve.invoke(StandardContextValve.java:90)
	at org.apache.catalina.authenticator.AuthenticatorBase.invoke(AuthenticatorBase.java:483)
	at org.apache.catalina.core.StandardHostValve.invoke(StandardHostValve.java:116)
	at org.apache.catalina.valves.ErrorReportValve.invoke(ErrorReportValve.java:93)
	at org.apache.catalina.core.StandardEngineValve.invoke(StandardEngineValve.java:74)
	at org.apache.catalina.connector.CoyoteAdapter.service(CoyoteAdapter.java:344)
	at org.apache.coyote.http11.Http11Processor.service(Http11Processor.java:398)
	at org.apache.coyote.AbstractProcessorLight.process(AbstractProcessorLight.java:63)
	at org.apache.coyote.AbstractProtocol$ConnectionHandler.process(AbstractProtocol.java:903)
	at org.apache.tomcat.util.net.NioEndpoint$SocketProcessor.doRun(NioEndpoint.java:1740)
	at org.apache.tomcat.util.net.SocketProcessorBase.run(SocketProcessorBase.java:52)
	at org.apache.tomcat.util.threads.ThreadPoolExecutor.runWorker(ThreadPoolExecutor.java:1189)
	at org.apache.tomcat.util.threads.ThreadPoolExecutor$Worker.run(ThreadPoolExecutor.java:658)
	at org.apache.tomcat.util.threads.TaskThread$WrappingRunnable.run(TaskThread.java:63)
	at java.base/java.lang.Thread.run(Unknown Source)
2026-07-08 06:51:44.396 [http-nio-8080-exec-4] ERROR org.hibernate.AssertionFailure - HHH000099: an assertion failure occurred (this may indicate a bug in Hibernate, but is more likely due to unsafe use of the session): org.hibernate.AssertionFailure: null id in com.rmsc.ai.entity.EventEmbedding entry (don't flush the Session after an exception occurs)
2026-07-08 06:51:44.397 [http-nio-8080-exec-4] ERROR c.rmsc.ai.embedding.EmbeddingService - Failed to embed event [id=3]: null id in com.rmsc.ai.entity.EventEmbedding entry (don't flush the Session after an exception occurs)
org.hibernate.AssertionFailure: null id in com.rmsc.ai.entity.EventEmbedding entry (don't flush the Session after an exception occurs)
	at org.hibernate.event.internal.DefaultFlushEntityEventListener.checkId(DefaultFlushEntityEventListener.java:86)
	at org.hibernate.event.internal.DefaultFlushEntityEventListener.getValues(DefaultFlushEntityEventListener.java:182)
	at org.hibernate.event.internal.DefaultFlushEntityEventListener.onFlushEntity(DefaultFlushEntityEventListener.java:141)
	at org.hibernate.event.service.internal.EventListenerGroupImpl.fireEventOnEachListener(EventListenerGroupImpl.java:127)
	at org.hibernate.event.internal.AbstractFlushingEventListener.flushEntities(AbstractFlushingEventListener.java:269)
	at org.hibernate.event.internal.AbstractFlushingEventListener.flushEverythingToExecutions(AbstractFlushingEventListener.java:90)
	at org.hibernate.event.internal.DefaultAutoFlushEventListener.onAutoFlush(DefaultAutoFlushEventListener.java:58)
	at org.hibernate.event.service.internal.EventListenerGroupImpl.fireEventOnEachListener(EventListenerGroupImpl.java:127)
	at org.hibernate.internal.SessionImpl.autoFlushIfRequired(SessionImpl.java:1379)
	at org.hibernate.query.sqm.internal.ConcreteSqmSelectQueryPlan.lambda$new$1(ConcreteSqmSelectQueryPlan.java:145)
	at org.hibernate.query.sqm.internal.ConcreteSqmSelectQueryPlan.withCacheableSqmInterpretation(ConcreteSqmSelectQueryPlan.java:442)
	at org.hibernate.query.sqm.internal.ConcreteSqmSelectQueryPlan.performList(ConcreteSqmSelectQueryPlan.java:362)
	at org.hibernate.query.sqm.internal.QuerySqmImpl.doList(QuerySqmImpl.java:380)
	at org.hibernate.query.spi.AbstractSelectionQuery.list(AbstractSelectionQuery.java:143)
	at org.hibernate.query.Query.getResultList(Query.java:120)
	at org.springframework.data.jpa.repository.query.JpaQueryExecution$ExistsExecution.doExecute(JpaQueryExecution.java:316)
	at org.springframework.data.jpa.repository.query.JpaQueryExecution.execute(JpaQueryExecution.java:93)
	at org.springframework.data.jpa.repository.query.AbstractJpaQuery.doExecute(AbstractJpaQuery.java:159)
	at org.springframework.data.jpa.repository.query.AbstractJpaQuery.execute(AbstractJpaQuery.java:147)
	at org.springframework.data.repository.core.support.RepositoryMethodInvoker.doInvoke(RepositoryMethodInvoker.java:170)
	at org.springframework.data.repository.core.support.RepositoryMethodInvoker.invoke(RepositoryMethodInvoker.java:158)
	at org.springframework.data.repository.core.support.QueryExecutorMethodInterceptor.doInvoke(QueryExecutorMethodInterceptor.java:170)
	at org.springframework.data.repository.core.support.QueryExecutorMethodInterceptor.invoke(QueryExecutorMethodInterceptor.java:149)
	at org.springframework.aop.framework.ReflectiveMethodInvocation.proceed(ReflectiveMethodInvocation.java:184)
	at org.springframework.data.projection.DefaultMethodInvokingMethodInterceptor.invoke(DefaultMethodInvokingMethodInterceptor.java:69)
	at org.springframework.aop.framework.ReflectiveMethodInvocation.proceed(ReflectiveMethodInvocation.java:184)
	at org.springframework.transaction.interceptor.TransactionAspectSupport.invokeWithinTransaction(TransactionAspectSupport.java:380)
	at org.springframework.transaction.interceptor.TransactionInterceptor.invoke(TransactionInterceptor.java:119)
	at org.springframework.aop.framework.ReflectiveMethodInvocation.proceed(ReflectiveMethodInvocation.java:184)
	at org.springframework.dao.support.PersistenceExceptionTranslationInterceptor.invoke(PersistenceExceptionTranslationInterceptor.java:138)
	at org.springframework.aop.framework.ReflectiveMethodInvocation.proceed(ReflectiveMethodInvocation.java:184)
	at org.springframework.data.jpa.repository.support.CrudMethodMetadataPostProcessor$CrudMethodMetadataPopulatingMethodInterceptor.invoke(CrudMethodMetadataPostProcessor.java:136)
	at org.springframework.aop.framework.ReflectiveMethodInvocation.proceed(ReflectiveMethodInvocation.java:184)
	at org.springframework.aop.framework.JdkDynamicAopProxy.invoke(JdkDynamicAopProxy.java:223)
	at jdk.proxy2/jdk.proxy2.$Proxy163.existsByEventHistoryId(Unknown Source)
	at com.rmsc.ai.embedding.EmbeddingService.embedEvent(EmbeddingService.java:44)
	at com.rmsc.ai.embedding.EmbeddingService.embedAll(EmbeddingService.java:74)
	at java.base/jdk.internal.reflect.DirectMethodHandleAccessor.invoke(Unknown Source)
	at java.base/java.lang.reflect.Method.invoke(Unknown Source)
	at org.springframework.aop.support.AopUtils.invokeJoinpointUsingReflection(AopUtils.java:359)
	at org.springframework.aop.framework.ReflectiveMethodInvocation.invokeJoinpoint(ReflectiveMethodInvocation.java:196)
	at org.springframework.aop.framework.ReflectiveMethodInvocation.proceed(ReflectiveMethodInvocation.java:163)
	at org.springframework.transaction.interceptor.TransactionAspectSupport.invokeWithinTransaction(TransactionAspectSupport.java:380)
	at org.springframework.transaction.interceptor.TransactionInterceptor.invoke(TransactionInterceptor.java:119)
	at org.springframework.aop.framework.ReflectiveMethodInvocation.proceed(ReflectiveMethodInvocation.java:184)
	at org.springframework.aop.framework.CglibAopProxy$DynamicAdvisedInterceptor.intercept(CglibAopProxy.java:728)
	at com.rmsc.ai.embedding.EmbeddingService$$SpringCGLIB$$0.embedAll(<generated>)
	at com.rmsc.ai.service.EventService.embedAllPendingEvents(EventService.java:75)
	at java.base/jdk.internal.reflect.DirectMethodHandleAccessor.invoke(Unknown Source)
	at java.base/java.lang.reflect.Method.invoke(Unknown Source)
	at org.springframework.aop.support.AopUtils.invokeJoinpointUsingReflection(AopUtils.java:359)
	at org.springframework.aop.framework.ReflectiveMethodInvocation.invokeJoinpoint(ReflectiveMethodInvocation.java:196)
	at org.springframework.aop.framework.ReflectiveMethodInvocation.proceed(ReflectiveMethodInvocation.java:163)
	at org.springframework.transaction.interceptor.TransactionAspectSupport.invokeWithinTransaction(TransactionAspectSupport.java:380)
	at org.springframework.transaction.interceptor.TransactionInterceptor.invoke(TransactionInterceptor.java:119)
	at org.springframework.aop.framework.ReflectiveMethodInvocation.proceed(ReflectiveMethodInvocation.java:184)
	at org.springframework.aop.framework.CglibAopProxy$DynamicAdvisedInterceptor.intercept(CglibAopProxy.java:728)
	at com.rmsc.ai.service.EventService$$SpringCGLIB$$0.embedAllPendingEvents(<generated>)
	at com.rmsc.ai.controller.EventController.embedAllEvents(EventController.java:59)
	at java.base/jdk.internal.reflect.DirectMethodHandleAccessor.invoke(Unknown Source)
	at java.base/java.lang.reflect.Method.invoke(Unknown Source)
	at org.springframework.web.method.support.InvocableHandlerMethod.doInvoke(InvocableHandlerMethod.java:258)
	at org.springframework.web.method.support.InvocableHandlerMethod.invokeForRequest(InvocableHandlerMethod.java:191)
	at org.springframework.web.servlet.mvc.method.annotation.ServletInvocableHandlerMethod.invokeAndHandle(ServletInvocableHandlerMethod.java:118)
	at org.springframework.web.servlet.mvc.method.annotation.RequestMappingHandlerAdapter.invokeHandlerMethod(RequestMappingHandlerAdapter.java:986)
	at org.springframework.web.servlet.mvc.method.annotation.RequestMappingHandlerAdapter.handleInternal(RequestMappingHandlerAdapter.java:891)
	at org.springframework.web.servlet.mvc.method.AbstractHandlerMethodAdapter.handle(AbstractHandlerMethodAdapter.java:87)
	at org.springframework.web.servlet.DispatcherServlet.doDispatch(DispatcherServlet.java:1089)
	at org.springframework.web.servlet.DispatcherServlet.doService(DispatcherServlet.java:979)
	at org.springframework.web.servlet.FrameworkServlet.processRequest(FrameworkServlet.java:1014)
	at org.springframework.web.servlet.FrameworkServlet.doPost(FrameworkServlet.java:914)
	at jakarta.servlet.http.HttpServlet.service(HttpServlet.java:590)
	at org.springframework.web.servlet.FrameworkServlet.service(FrameworkServlet.java:885)
	at jakarta.servlet.http.HttpServlet.service(HttpServlet.java:658)
	at org.apache.catalina.core.ApplicationFilterChain.internalDoFilter(ApplicationFilterChain.java:195)
	at org.apache.catalina.core.ApplicationFilterChain.doFilter(ApplicationFilterChain.java:140)
	at org.apache.tomcat.websocket.server.WsFilter.doFilter(WsFilter.java:51)
	at org.apache.catalina.core.ApplicationFilterChain.internalDoFilter(ApplicationFilterChain.java:164)
	at org.apache.catalina.core.ApplicationFilterChain.doFilter(ApplicationFilterChain.java:140)
	at org.springframework.web.filter.RequestContextFilter.doFilterInternal(RequestContextFilter.java:100)
	at org.springframework.web.filter.OncePerRequestFilter.doFilter(OncePerRequestFilter.java:116)
	at org.apache.catalina.core.ApplicationFilterChain.internalDoFilter(ApplicationFilterChain.java:164)
	at org.apache.catalina.core.ApplicationFilterChain.doFilter(ApplicationFilterChain.java:140)
	at org.springframework.web.filter.FormContentFilter.doFilterInternal(FormContentFilter.java:93)
	at org.springframework.web.filter.OncePerRequestFilter.doFilter(OncePerRequestFilter.java:116)
	at org.apache.catalina.core.ApplicationFilterChain.internalDoFilter(ApplicationFilterChain.java:164)
	at org.apache.catalina.core.ApplicationFilterChain.doFilter(ApplicationFilterChain.java:140)
	at org.springframework.web.filter.ServerHttpObservationFilter.doFilterInternal(ServerHttpObservationFilter.java:114)
	at org.springframework.web.filter.OncePerRequestFilter.doFilter(OncePerRequestFilter.java:116)
	at org.apache.catalina.core.ApplicationFilterChain.internalDoFilter(ApplicationFilterChain.java:164)
	at org.apache.catalina.core.ApplicationFilterChain.doFilter(ApplicationFilterChain.java:140)
	at org.springframework.web.filter.CharacterEncodingFilter.doFilterInternal(CharacterEncodingFilter.java:201)
	at org.springframework.web.filter.OncePerRequestFilter.doFilter(OncePerRequestFilter.java:116)
	at org.apache.catalina.core.ApplicationFilterChain.internalDoFilter(ApplicationFilterChain.java:164)
	at org.apache.catalina.core.ApplicationFilterChain.doFilter(ApplicationFilterChain.java:140)
	at org.apache.catalina.core.StandardWrapperValve.invoke(StandardWrapperValve.java:167)
	at org.apache.catalina.core.StandardContextValve.invoke(StandardContextValve.java:90)
	at org.apache.catalina.authenticator.AuthenticatorBase.invoke(AuthenticatorBase.java:483)
	at org.apache.catalina.core.StandardHostValve.invoke(StandardHostValve.java:116)
	at org.apache.catalina.valves.ErrorReportValve.invoke(ErrorReportValve.java:93)
	at org.apache.catalina.core.StandardEngineValve.invoke(StandardEngineValve.java:74)
	at org.apache.catalina.connector.CoyoteAdapter.service(CoyoteAdapter.java:344)
	at org.apache.coyote.http11.Http11Processor.service(Http11Processor.java:398)
	at org.apache.coyote.AbstractProcessorLight.process(AbstractProcessorLight.java:63)
	at org.apache.coyote.AbstractProtocol$ConnectionHandler.process(AbstractProtocol.java:903)
	at org.apache.tomcat.util.net.NioEndpoint$SocketProcessor.doRun(NioEndpoint.java:1740)
	at org.apache.tomcat.util.net.SocketProcessorBase.run(SocketProcessorBase.java:52)
	at org.apache.tomcat.util.threads.ThreadPoolExecutor.runWorker(ThreadPoolExecutor.java:1189)
	at org.apache.tomcat.util.threads.ThreadPoolExecutor$Worker.run(ThreadPoolExecutor.java:658)
	at org.apache.tomcat.util.threads.TaskThread$WrappingRunnable.run(TaskThread.java:63)
	at java.base/java.lang.Thread.run(Unknown Source)
2026-07-08 06:51:44.408 [http-nio-8080-exec-4] ERROR org.hibernate.AssertionFailure - HHH000099: an assertion failure occurred (this may indicate a bug in Hibernate, but is more likely due to unsafe use of the session): org.hibernate.AssertionFailure: null id in com.rmsc.ai.entity.EventEmbedding entry (don't flush the Session after an exception occurs)
2026-07-08 06:51:44.409 [http-nio-8080-exec-4] ERROR c.rmsc.ai.embedding.EmbeddingService - Failed to embed event [id=4]: null id in com.rmsc.ai.entity.EventEmbedding entry (don't flush the Session after an exception occurs)
org.hibernate.AssertionFailure: null id in com.rmsc.ai.entity.EventEmbedding entry (don't flush the Session after an exception occurs)
	at org.hibernate.event.internal.DefaultFlushEntityEventListener.checkId(DefaultFlushEntityEventListener.java:86)
	at org.hibernate.event.internal.DefaultFlushEntityEventListener.getValues(DefaultFlushEntityEventListener.java:182)
	at org.hibernate.event.internal.DefaultFlushEntityEventListener.onFlushEntity(DefaultFlushEntityEventListener.java:141)
	at org.hibernate.event.service.internal.EventListenerGroupImpl.fireEventOnEachListener(EventListenerGroupImpl.java:127)
	at org.hibernate.event.internal.AbstractFlushingEventListener.flushEntities(AbstractFlushingEventListener.java:269)
	at org.hibernate.event.internal.AbstractFlushingEventListener.flushEverythingToExecutions(AbstractFlushingEventListener.java:90)
	at org.hibernate.event.internal.DefaultAutoFlushEventListener.onAutoFlush(DefaultAutoFlushEventListener.java:58)
	at org.hibernate.event.service.internal.EventListenerGroupImpl.fireEventOnEachListener(EventListenerGroupImpl.java:127)
	at org.hibernate.internal.SessionImpl.autoFlushIfRequired(SessionImpl.java:1379)
	at org.hibernate.query.sqm.internal.ConcreteSqmSelectQueryPlan.lambda$new$1(ConcreteSqmSelectQueryPlan.java:145)
	at org.hibernate.query.sqm.internal.ConcreteSqmSelectQueryPlan.withCacheableSqmInterpretation(ConcreteSqmSelectQueryPlan.java:442)
	at org.hibernate.query.sqm.internal.ConcreteSqmSelectQueryPlan.performList(ConcreteSqmSelectQueryPlan.java:362)
	at org.hibernate.query.sqm.internal.QuerySqmImpl.doList(QuerySqmImpl.java:380)
	at org.hibernate.query.spi.AbstractSelectionQuery.list(AbstractSelectionQuery.java:143)
	at org.hibernate.query.Query.getResultList(Query.java:120)
	at org.springframework.data.jpa.repository.query.JpaQueryExecution$ExistsExecution.doExecute(JpaQueryExecution.java:316)
	at org.springframework.data.jpa.repository.query.JpaQueryExecution.execute(JpaQueryExecution.java:93)
	at org.springframework.data.jpa.repository.query.AbstractJpaQuery.doExecute(AbstractJpaQuery.java:159)
	at org.springframework.data.jpa.repository.query.AbstractJpaQuery.execute(AbstractJpaQuery.java:147)
	at org.springframework.data.repository.core.support.RepositoryMethodInvoker.doInvoke(RepositoryMethodInvoker.java:170)
	at org.springframework.data.repository.core.support.RepositoryMethodInvoker.invoke(RepositoryMethodInvoker.java:158)
	at org.springframework.data.repository.core.support.QueryExecutorMethodInterceptor.doInvoke(QueryExecutorMethodInterceptor.java:170)
	at org.springframework.data.repository.core.support.QueryExecutorMethodInterceptor.invoke(QueryExecutorMethodInterceptor.java:149)
	at org.springframework.aop.framework.ReflectiveMethodInvocation.proceed(ReflectiveMethodInvocation.java:184)
	at org.springframework.data.projection.DefaultMethodInvokingMethodInterceptor.invoke(DefaultMethodInvokingMethodInterceptor.java:69)
	at org.springframework.aop.framework.ReflectiveMethodInvocation.proceed(ReflectiveMethodInvocation.java:184)
	at org.springframework.transaction.interceptor.TransactionAspectSupport.invokeWithinTransaction(TransactionAspectSupport.java:380)
	at org.springframework.transaction.interceptor.TransactionInterceptor.invoke(TransactionInterceptor.java:119)
	at org.springframework.aop.framework.ReflectiveMethodInvocation.proceed(ReflectiveMethodInvocation.java:184)
	at org.springframework.dao.support.PersistenceExceptionTranslationInterceptor.invoke(PersistenceExceptionTranslationInterceptor.java:138)
	at org.springframework.aop.framework.ReflectiveMethodInvocation.proceed(ReflectiveMethodInvocation.java:184)
	at org.springframework.data.jpa.repository.support.CrudMethodMetadataPostProcessor$CrudMethodMetadataPopulatingMethodInterceptor.invoke(CrudMethodMetadataPostProcessor.java:136)
	at org.springframework.aop.framework.ReflectiveMethodInvocation.proceed(ReflectiveMethodInvocation.java:184)
	at org.springframework.aop.framework.JdkDynamicAopProxy.invoke(JdkDynamicAopProxy.java:223)
	at jdk.proxy2/jdk.proxy2.$Proxy163.existsByEventHistoryId(Unknown Source)
	at com.rmsc.ai.embedding.EmbeddingService.embedEvent(EmbeddingService.java:44)
	at com.rmsc.ai.embedding.EmbeddingService.embedAll(EmbeddingService.java:74)
	at java.base/jdk.internal.reflect.DirectMethodHandleAccessor.invoke(Unknown Source)
	at java.base/java.lang.reflect.Method.invoke(Unknown Source)
	at org.springframework.aop.support.AopUtils.invokeJoinpointUsingReflection(AopUtils.java:359)
	at org.springframework.aop.framework.ReflectiveMethodInvocation.invokeJoinpoint(ReflectiveMethodInvocation.java:196)
	at org.springframework.aop.framework.ReflectiveMethodInvocation.proceed(ReflectiveMethodInvocation.java:163)
	at org.springframework.transaction.interceptor.TransactionAspectSupport.invokeWithinTransaction(TransactionAspectSupport.java:380)
	at org.springframework.transaction.interceptor.TransactionInterceptor.invoke(TransactionInterceptor.java:119)
	at org.springframework.aop.framework.ReflectiveMethodInvocation.proceed(ReflectiveMethodInvocation.java:184)
	at org.springframework.aop.framework.CglibAopProxy$DynamicAdvisedInterceptor.intercept(CglibAopProxy.java:728)
	at com.rmsc.ai.embedding.EmbeddingService$$SpringCGLIB$$0.embedAll(<generated>)
	at com.rmsc.ai.service.EventService.embedAllPendingEvents(EventService.java:75)
	at java.base/jdk.internal.reflect.DirectMethodHandleAccessor.invoke(Unknown Source)
	at java.base/java.lang.reflect.Method.invoke(Unknown Source)
	at org.springframework.aop.support.AopUtils.invokeJoinpointUsingReflection(AopUtils.java:359)
	at org.springframework.aop.framework.ReflectiveMethodInvocation.invokeJoinpoint(ReflectiveMethodInvocation.java:196)
	at org.springframework.aop.framework.ReflectiveMethodInvocation.proceed(ReflectiveMethodInvocation.java:163)
	at org.springframework.transaction.interceptor.TransactionAspectSupport.invokeWithinTransaction(TransactionAspectSupport.java:380)
	at org.springframework.transaction.interceptor.TransactionInterceptor.invoke(TransactionInterceptor.java:119)
	at org.springframework.aop.framework.ReflectiveMethodInvocation.proceed(ReflectiveMethodInvocation.java:184)
	at org.springframework.aop.framework.CglibAopProxy$DynamicAdvisedInterceptor.intercept(CglibAopProxy.java:728)
	at com.rmsc.ai.service.EventService$$SpringCGLIB$$0.embedAllPendingEvents(<generated>)
	at com.rmsc.ai.controller.EventController.embedAllEvents(EventController.java:59)
	at java.base/jdk.internal.reflect.DirectMethodHandleAccessor.invoke(Unknown Source)
	at java.base/java.lang.reflect.Method.invoke(Unknown Source)
	at org.springframework.web.method.support.InvocableHandlerMethod.doInvoke(InvocableHandlerMethod.java:258)
	at org.springframework.web.method.support.InvocableHandlerMethod.invokeForRequest(InvocableHandlerMethod.java:191)
	at org.springframework.web.servlet.mvc.method.annotation.ServletInvocableHandlerMethod.invokeAndHandle(ServletInvocableHandlerMethod.java:118)
	at org.springframework.web.servlet.mvc.method.annotation.RequestMappingHandlerAdapter.invokeHandlerMethod(RequestMappingHandlerAdapter.java:986)
	at org.springframework.web.servlet.mvc.method.annotation.RequestMappingHandlerAdapter.handleInternal(RequestMappingHandlerAdapter.java:891)
	at org.springframework.web.servlet.mvc.method.AbstractHandlerMethodAdapter.handle(AbstractHandlerMethodAdapter.java:87)
	at org.springframework.web.servlet.DispatcherServlet.doDispatch(DispatcherServlet.java:1089)
	at org.springframework.web.servlet.DispatcherServlet.doService(DispatcherServlet.java:979)
	at org.springframework.web.servlet.FrameworkServlet.processRequest(FrameworkServlet.java:1014)
	at org.springframework.web.servlet.FrameworkServlet.doPost(FrameworkServlet.java:914)
	at jakarta.servlet.http.HttpServlet.service(HttpServlet.java:590)
	at org.springframework.web.servlet.FrameworkServlet.service(FrameworkServlet.java:885)
	at jakarta.servlet.http.HttpServlet.service(HttpServlet.java:658)
	at org.apache.catalina.core.ApplicationFilterChain.internalDoFilter(ApplicationFilterChain.java:195)
	at org.apache.catalina.core.ApplicationFilterChain.doFilter(ApplicationFilterChain.java:140)
	at org.apache.tomcat.websocket.server.WsFilter.doFilter(WsFilter.java:51)
	at org.apache.catalina.core.ApplicationFilterChain.internalDoFilter(ApplicationFilterChain.java:164)
	at org.apache.catalina.core.ApplicationFilterChain.doFilter(ApplicationFilterChain.java:140)
	at org.springframework.web.filter.RequestContextFilter.doFilterInternal(RequestContextFilter.java:100)
	at org.springframework.web.filter.OncePerRequestFilter.doFilter(OncePerRequestFilter.java:116)
	at org.apache.catalina.core.ApplicationFilterChain.internalDoFilter(ApplicationFilterChain.java:164)
	at org.apache.catalina.core.ApplicationFilterChain.doFilter(ApplicationFilterChain.java:140)
	at org.springframework.web.filter.FormContentFilter.doFilterInternal(FormContentFilter.java:93)
	at org.springframework.web.filter.OncePerRequestFilter.doFilter(OncePerRequestFilter.java:116)
	at org.apache.catalina.core.ApplicationFilterChain.internalDoFilter(ApplicationFilterChain.java:164)
	at org.apache.catalina.core.ApplicationFilterChain.doFilter(ApplicationFilterChain.java:140)
	at org.springframework.web.filter.ServerHttpObservationFilter.doFilterInternal(ServerHttpObservationFilter.java:114)
	at org.springframework.web.filter.OncePerRequestFilter.doFilter(OncePerRequestFilter.java:116)
	at org.apache.catalina.core.ApplicationFilterChain.internalDoFilter(ApplicationFilterChain.java:164)
	at org.apache.catalina.core.ApplicationFilterChain.doFilter(ApplicationFilterChain.java:140)
	at org.springframework.web.filter.CharacterEncodingFilter.doFilterInternal(CharacterEncodingFilter.java:201)
	at org.springframework.web.filter.OncePerRequestFilter.doFilter(OncePerRequestFilter.java:116)
	at org.apache.catalina.core.ApplicationFilterChain.internalDoFilter(ApplicationFilterChain.java:164)
	at org.apache.catalina.core.ApplicationFilterChain.doFilter(ApplicationFilterChain.java:140)
	at org.apache.catalina.core.StandardWrapperValve.invoke(StandardWrapperValve.java:167)
	at org.apache.catalina.core.StandardContextValve.invoke(StandardContextValve.java:90)
	at org.apache.catalina.authenticator.AuthenticatorBase.invoke(AuthenticatorBase.java:483)
	at org.apache.catalina.core.StandardHostValve.invoke(StandardHostValve.java:116)
	at org.apache.catalina.valves.ErrorReportValve.invoke(ErrorReportValve.java:93)
	at org.apache.catalina.core.StandardEngineValve.invoke(StandardEngineValve.java:74)
	at org.apache.catalina.connector.CoyoteAdapter.service(CoyoteAdapter.java:344)
	at org.apache.coyote.http11.Http11Processor.service(Http11Processor.java:398)
	at org.apache.coyote.AbstractProcessorLight.process(AbstractProcessorLight.java:63)
	at org.apache.coyote.AbstractProtocol$ConnectionHandler.process(AbstractProtocol.java:903)
	at org.apache.tomcat.util.net.NioEndpoint$SocketProcessor.doRun(NioEndpoint.java:1740)
	at org.apache.tomcat.util.net.SocketProcessorBase.run(SocketProcessorBase.java:52)
	at org.apache.tomcat.util.threads.ThreadPoolExecutor.runWorker(ThreadPoolExecutor.java:1189)
	at org.apache.tomcat.util.threads.ThreadPoolExecutor$Worker.run(ThreadPoolExecutor.java:658)
	at org.apache.tomcat.util.threads.TaskThread$WrappingRunnable.run(TaskThread.java:63)
	at java.base/java.lang.Thread.run(Unknown Source)
2026-07-08 06:51:44.417 [http-nio-8080-exec-4] ERROR org.hibernate.AssertionFailure - HHH000099: an assertion failure occurred (this may indicate a bug in Hibernate, but is more likely due to unsafe use of the session): org.hibernate.AssertionFailure: null id in com.rmsc.ai.entity.EventEmbedding entry (don't flush the Session after an exception occurs)
2026-07-08 06:51:44.418 [http-nio-8080-exec-4] ERROR c.rmsc.ai.embedding.EmbeddingService - Failed to embed event [id=5]: null id in com.rmsc.ai.entity.EventEmbedding entry (don't flush the Session after an exception occurs)
org.hibernate.AssertionFailure: null id in com.rmsc.ai.entity.EventEmbedding entry (don't flush the Session after an exception occurs)
	at org.hibernate.event.internal.DefaultFlushEntityEventListener.checkId(DefaultFlushEntityEventListener.java:86)
	at org.hibernate.event.internal.DefaultFlushEntityEventListener.getValues(DefaultFlushEntityEventListener.java:182)
	at org.hibernate.event.internal.DefaultFlushEntityEventListener.onFlushEntity(DefaultFlushEntityEventListener.java:141)
	at org.hibernate.event.service.internal.EventListenerGroupImpl.fireEventOnEachListener(EventListenerGroupImpl.java:127)
	at org.hibernate.event.internal.AbstractFlushingEventListener.flushEntities(AbstractFlushingEventListener.java:269)
	at org.hibernate.event.internal.AbstractFlushingEventListener.flushEverythingToExecutions(AbstractFlushingEventListener.java:90)
	at org.hibernate.event.internal.DefaultAutoFlushEventListener.onAutoFlush(DefaultAutoFlushEventListener.java:58)
	at org.hibernate.event.service.internal.EventListenerGroupImpl.fireEventOnEachListener(EventListenerGroupImpl.java:127)
	at org.hibernate.internal.SessionImpl.autoFlushIfRequired(SessionImpl.java:1379)
	at org.hibernate.query.sqm.internal.ConcreteSqmSelectQueryPlan.lambda$new$1(ConcreteSqmSelectQueryPlan.java:145)
	at org.hibernate.query.sqm.internal.ConcreteSqmSelectQueryPlan.withCacheableSqmInterpretation(ConcreteSqmSelectQueryPlan.java:442)
	at org.hibernate.query.sqm.internal.ConcreteSqmSelectQueryPlan.performList(ConcreteSqmSelectQueryPlan.java:362)
	at org.hibernate.query.sqm.internal.QuerySqmImpl.doList(QuerySqmImpl.java:380)
	at org.hibernate.query.spi.AbstractSelectionQuery.list(AbstractSelectionQuery.java:143)
	at org.hibernate.query.Query.getResultList(Query.java:120)
	at org.springframework.data.jpa.repository.query.JpaQueryExecution$ExistsExecution.doExecute(JpaQueryExecution.java:316)
	at org.springframework.data.jpa.repository.query.JpaQueryExecution.execute(JpaQueryExecution.java:93)
	at org.springframework.data.jpa.repository.query.AbstractJpaQuery.doExecute(AbstractJpaQuery.java:159)
	at org.springframework.data.jpa.repository.query.AbstractJpaQuery.execute(AbstractJpaQuery.java:147)
	at org.springframework.data.repository.core.support.RepositoryMethodInvoker.doInvoke(RepositoryMethodInvoker.java:170)
	at org.springframework.data.repository.core.support.RepositoryMethodInvoker.invoke(RepositoryMethodInvoker.java:158)
	at org.springframework.data.repository.core.support.QueryExecutorMethodInterceptor.doInvoke(QueryExecutorMethodInterceptor.java:170)
	at org.springframework.data.repository.core.support.QueryExecutorMethodInterceptor.invoke(QueryExecutorMethodInterceptor.java:149)
	at org.springframework.aop.framework.ReflectiveMethodInvocation.proceed(ReflectiveMethodInvocation.java:184)
	at org.springframework.data.projection.DefaultMethodInvokingMethodInterceptor.invoke(DefaultMethodInvokingMethodInterceptor.java:69)
	at org.springframework.aop.framework.ReflectiveMethodInvocation.proceed(ReflectiveMethodInvocation.java:184)
	at org.springframework.transaction.interceptor.TransactionAspectSupport.invokeWithinTransaction(TransactionAspectSupport.java:380)
	at org.springframework.transaction.interceptor.TransactionInterceptor.invoke(TransactionInterceptor.java:119)
	at org.springframework.aop.framework.ReflectiveMethodInvocation.proceed(ReflectiveMethodInvocation.java:184)
	at org.springframework.dao.support.PersistenceExceptionTranslationInterceptor.invoke(PersistenceExceptionTranslationInterceptor.java:138)
	at org.springframework.aop.framework.ReflectiveMethodInvocation.proceed(ReflectiveMethodInvocation.java:184)
	at org.springframework.data.jpa.repository.support.CrudMethodMetadataPostProcessor$CrudMethodMetadataPopulatingMethodInterceptor.invoke(CrudMethodMetadataPostProcessor.java:136)
	at org.springframework.aop.framework.ReflectiveMethodInvocation.proceed(ReflectiveMethodInvocation.java:184)
	at org.springframework.aop.framework.JdkDynamicAopProxy.invoke(JdkDynamicAopProxy.java:223)
	at jdk.proxy2/jdk.proxy2.$Proxy163.existsByEventHistoryId(Unknown Source)
	at com.rmsc.ai.embedding.EmbeddingService.embedEvent(EmbeddingService.java:44)
	at com.rmsc.ai.embedding.EmbeddingService.embedAll(EmbeddingService.java:74)
	at java.base/jdk.internal.reflect.DirectMethodHandleAccessor.invoke(Unknown Source)
	at java.base/java.lang.reflect.Method.invoke(Unknown Source)
	at org.springframework.aop.support.AopUtils.invokeJoinpointUsingReflection(AopUtils.java:359)
	at org.springframework.aop.framework.ReflectiveMethodInvocation.invokeJoinpoint(ReflectiveMethodInvocation.java:196)
	at org.springframework.aop.framework.ReflectiveMethodInvocation.proceed(ReflectiveMethodInvocation.java:163)
	at org.springframework.transaction.interceptor.TransactionAspectSupport.invokeWithinTransaction(TransactionAspectSupport.java:380)
	at org.springframework.transaction.interceptor.TransactionInterceptor.invoke(TransactionInterceptor.java:119)
	at org.springframework.aop.framework.ReflectiveMethodInvocation.proceed(ReflectiveMethodInvocation.java:184)
	at org.springframework.aop.framework.CglibAopProxy$DynamicAdvisedInterceptor.intercept(CglibAopProxy.java:728)
	at com.rmsc.ai.embedding.EmbeddingService$$SpringCGLIB$$0.embedAll(<generated>)
	at com.rmsc.ai.service.EventService.embedAllPendingEvents(EventService.java:75)
	at java.base/jdk.internal.reflect.DirectMethodHandleAccessor.invoke(Unknown Source)
	at java.base/java.lang.reflect.Method.invoke(Unknown Source)
	at org.springframework.aop.support.AopUtils.invokeJoinpointUsingReflection(AopUtils.java:359)
	at org.springframework.aop.framework.ReflectiveMethodInvocation.invokeJoinpoint(ReflectiveMethodInvocation.java:196)
	at org.springframework.aop.framework.ReflectiveMethodInvocation.proceed(ReflectiveMethodInvocation.java:163)
	at org.springframework.transaction.interceptor.TransactionAspectSupport.invokeWithinTransaction(TransactionAspectSupport.java:380)
	at org.springframework.transaction.interceptor.TransactionInterceptor.invoke(TransactionInterceptor.java:119)
	at org.springframework.aop.framework.ReflectiveMethodInvocation.proceed(ReflectiveMethodInvocation.java:184)
	at org.springframework.aop.framework.CglibAopProxy$DynamicAdvisedInterceptor.intercept(CglibAopProxy.java:728)
	at com.rmsc.ai.service.EventService$$SpringCGLIB$$0.embedAllPendingEvents(<generated>)
	at com.rmsc.ai.controller.EventController.embedAllEvents(EventController.java:59)
	at java.base/jdk.internal.reflect.DirectMethodHandleAccessor.invoke(Unknown Source)
	at java.base/java.lang.reflect.Method.invoke(Unknown Source)
	at org.springframework.web.method.support.InvocableHandlerMethod.doInvoke(InvocableHandlerMethod.java:258)
	at org.springframework.web.method.support.InvocableHandlerMethod.invokeForRequest(InvocableHandlerMethod.java:191)
	at org.springframework.web.servlet.mvc.method.annotation.ServletInvocableHandlerMethod.invokeAndHandle(ServletInvocableHandlerMethod.java:118)
	at org.springframework.web.servlet.mvc.method.annotation.RequestMappingHandlerAdapter.invokeHandlerMethod(RequestMappingHandlerAdapter.java:986)
	at org.springframework.web.servlet.mvc.method.annotation.RequestMappingHandlerAdapter.handleInternal(RequestMappingHandlerAdapter.java:891)
	at org.springframework.web.servlet.mvc.method.AbstractHandlerMethodAdapter.handle(AbstractHandlerMethodAdapter.java:87)
	at org.springframework.web.servlet.DispatcherServlet.doDispatch(DispatcherServlet.java:1089)
	at org.springframework.web.servlet.DispatcherServlet.doService(DispatcherServlet.java:979)
	at org.springframework.web.servlet.FrameworkServlet.processRequest(FrameworkServlet.java:1014)
	at org.springframework.web.servlet.FrameworkServlet.doPost(FrameworkServlet.java:914)
	at jakarta.servlet.http.HttpServlet.service(HttpServlet.java:590)
	at org.springframework.web.servlet.FrameworkServlet.service(FrameworkServlet.java:885)
	at jakarta.servlet.http.HttpServlet.service(HttpServlet.java:658)
	at org.apache.catalina.core.ApplicationFilterChain.internalDoFilter(ApplicationFilterChain.java:195)
	at org.apache.catalina.core.ApplicationFilterChain.doFilter(ApplicationFilterChain.java:140)
	at org.apache.tomcat.websocket.server.WsFilter.doFilter(WsFilter.java:51)
	at org.apache.catalina.core.ApplicationFilterChain.internalDoFilter(ApplicationFilterChain.java:164)
	at org.apache.catalina.core.ApplicationFilterChain.doFilter(ApplicationFilterChain.java:140)
	at org.springframework.web.filter.RequestContextFilter.doFilterInternal(RequestContextFilter.java:100)
	at org.springframework.web.filter.OncePerRequestFilter.doFilter(OncePerRequestFilter.java:116)
	at org.apache.catalina.core.ApplicationFilterChain.internalDoFilter(ApplicationFilterChain.java:164)
	at org.apache.catalina.core.ApplicationFilterChain.doFilter(ApplicationFilterChain.java:140)
	at org.springframework.web.filter.FormContentFilter.doFilterInternal(FormContentFilter.java:93)
	at org.springframework.web.filter.OncePerRequestFilter.doFilter(OncePerRequestFilter.java:116)
	at org.apache.catalina.core.ApplicationFilterChain.internalDoFilter(ApplicationFilterChain.java:164)
	at org.apache.catalina.core.ApplicationFilterChain.doFilter(ApplicationFilterChain.java:140)
	at org.springframework.web.filter.ServerHttpObservationFilter.doFilterInternal(ServerHttpObservationFilter.java:114)
	at org.springframework.web.filter.OncePerRequestFilter.doFilter(OncePerRequestFilter.java:116)
	at org.apache.catalina.core.ApplicationFilterChain.internalDoFilter(ApplicationFilterChain.java:164)
	at org.apache.catalina.core.ApplicationFilterChain.doFilter(ApplicationFilterChain.java:140)
	at org.springframework.web.filter.CharacterEncodingFilter.doFilterInternal(CharacterEncodingFilter.java:201)
	at org.springframework.web.filter.OncePerRequestFilter.doFilter(OncePerRequestFilter.java:116)
	at org.apache.catalina.core.ApplicationFilterChain.internalDoFilter(ApplicationFilterChain.java:164)
	at org.apache.catalina.core.ApplicationFilterChain.doFilter(ApplicationFilterChain.java:140)
	at org.apache.catalina.core.StandardWrapperValve.invoke(StandardWrapperValve.java:167)
	at org.apache.catalina.core.StandardContextValve.invoke(StandardContextValve.java:90)
	at org.apache.catalina.authenticator.AuthenticatorBase.invoke(AuthenticatorBase.java:483)
	at org.apache.catalina.core.StandardHostValve.invoke(StandardHostValve.java:116)
	at org.apache.catalina.valves.ErrorReportValve.invoke(ErrorReportValve.java:93)
	at org.apache.catalina.core.StandardEngineValve.invoke(StandardEngineValve.java:74)
	at org.apache.catalina.connector.CoyoteAdapter.service(CoyoteAdapter.java:344)
	at org.apache.coyote.http11.Http11Processor.service(Http11Processor.java:398)
	at org.apache.coyote.AbstractProcessorLight.process(AbstractProcessorLight.java:63)
	at org.apache.coyote.AbstractProtocol$ConnectionHandler.process(AbstractProtocol.java:903)
	at org.apache.tomcat.util.net.NioEndpoint$SocketProcessor.doRun(NioEndpoint.java:1740)
	at org.apache.tomcat.util.net.SocketProcessorBase.run(SocketProcessorBase.java:52)
	at org.apache.tomcat.util.threads.ThreadPoolExecutor.runWorker(ThreadPoolExecutor.java:1189)
	at org.apache.tomcat.util.threads.ThreadPoolExecutor$Worker.run(ThreadPoolExecutor.java:658)
	at org.apache.tomcat.util.threads.TaskThread$WrappingRunnable.run(TaskThread.java:63)
	at java.base/java.lang.Thread.run(Unknown Source)
2026-07-08 06:51:44.425 [http-nio-8080-exec-4] ERROR org.hibernate.AssertionFailure - HHH000099: an assertion failure occurred (this may indicate a bug in Hibernate, but is more likely due to unsafe use of the session): org.hibernate.AssertionFailure: null id in com.rmsc.ai.entity.EventEmbedding entry (don't flush the Session after an exception occurs)
2026-07-08 06:51:44.426 [http-nio-8080-exec-4] ERROR c.rmsc.ai.embedding.EmbeddingService - Failed to embed event [id=6]: null id in com.rmsc.ai.entity.EventEmbedding entry (don't flush the Session after an exception occurs)
org.hibernate.AssertionFailure: null id in com.rmsc.ai.entity.EventEmbedding entry (don't flush the Session after an exception occurs)
	at org.hibernate.event.internal.DefaultFlushEntityEventListener.checkId(DefaultFlushEntityEventListener.java:86)
	at org.hibernate.event.internal.DefaultFlushEntityEventListener.getValues(DefaultFlushEntityEventListener.java:182)
	at org.hibernate.event.internal.DefaultFlushEntityEventListener.onFlushEntity(DefaultFlushEntityEventListener.java:141)
	at org.hibernate.event.service.internal.EventListenerGroupImpl.fireEventOnEachListener(EventListenerGroupImpl.java:127)
	at org.hibernate.event.internal.AbstractFlushingEventListener.flushEntities(AbstractFlushingEventListener.java:269)
	at org.hibernate.event.internal.AbstractFlushingEventListener.flushEverythingToExecutions(AbstractFlushingEventListener.java:90)
	at org.hibernate.event.internal.DefaultAutoFlushEventListener.onAutoFlush(DefaultAutoFlushEventListener.java:58)
	at org.hibernate.event.service.internal.EventListenerGroupImpl.fireEventOnEachListener(EventListenerGroupImpl.java:127)
	at org.hibernate.internal.SessionImpl.autoFlushIfRequired(SessionImpl.java:1379)
	at org.hibernate.query.sqm.internal.ConcreteSqmSelectQueryPlan.lambda$new$1(ConcreteSqmSelectQueryPlan.java:145)
	at org.hibernate.query.sqm.internal.ConcreteSqmSelectQueryPlan.withCacheableSqmInterpretation(ConcreteSqmSelectQueryPlan.java:442)
	at org.hibernate.query.sqm.internal.ConcreteSqmSelectQueryPlan.performList(ConcreteSqmSelectQueryPlan.java:362)
	at org.hibernate.query.sqm.internal.QuerySqmImpl.doList(QuerySqmImpl.java:380)
	at org.hibernate.query.spi.AbstractSelectionQuery.list(AbstractSelectionQuery.java:143)
	at org.hibernate.query.Query.getResultList(Query.java:120)
	at org.springframework.data.jpa.repository.query.JpaQueryExecution$ExistsExecution.doExecute(JpaQueryExecution.java:316)
	at org.springframework.data.jpa.repository.query.JpaQueryExecution.execute(JpaQueryExecution.java:93)
	at org.springframework.data.jpa.repository.query.AbstractJpaQuery.doExecute(AbstractJpaQuery.java:159)
	at org.springframework.data.jpa.repository.query.AbstractJpaQuery.execute(AbstractJpaQuery.java:147)
	at org.springframework.data.repository.core.support.RepositoryMethodInvoker.doInvoke(RepositoryMethodInvoker.java:170)
	at org.springframework.data.repository.core.support.RepositoryMethodInvoker.invoke(RepositoryMethodInvoker.java:158)
	at org.springframework.data.repository.core.support.QueryExecutorMethodInterceptor.doInvoke(QueryExecutorMethodInterceptor.java:170)
	at org.springframework.data.repository.core.support.QueryExecutorMethodInterceptor.invoke(QueryExecutorMethodInterceptor.java:149)
	at org.springframework.aop.framework.ReflectiveMethodInvocation.proceed(ReflectiveMethodInvocation.java:184)
	at org.springframework.data.projection.DefaultMethodInvokingMethodInterceptor.invoke(DefaultMethodInvokingMethodInterceptor.java:69)
	at org.springframework.aop.framework.ReflectiveMethodInvocation.proceed(ReflectiveMethodInvocation.java:184)
	at org.springframework.transaction.interceptor.TransactionAspectSupport.invokeWithinTransaction(TransactionAspectSupport.java:380)
	at org.springframework.transaction.interceptor.TransactionInterceptor.invoke(TransactionInterceptor.java:119)
	at org.springframework.aop.framework.ReflectiveMethodInvocation.proceed(ReflectiveMethodInvocation.java:184)
	at org.springframework.dao.support.PersistenceExceptionTranslationInterceptor.invoke(PersistenceExceptionTranslationInterceptor.java:138)
	at org.springframework.aop.framework.ReflectiveMethodInvocation.proceed(ReflectiveMethodInvocation.java:184)
	at org.springframework.data.jpa.repository.support.CrudMethodMetadataPostProcessor$CrudMethodMetadataPopulatingMethodInterceptor.invoke(CrudMethodMetadataPostProcessor.java:136)
	at org.springframework.aop.framework.ReflectiveMethodInvocation.proceed(ReflectiveMethodInvocation.java:184)
	at org.springframework.aop.framework.JdkDynamicAopProxy.invoke(JdkDynamicAopProxy.java:223)
	at jdk.proxy2/jdk.proxy2.$Proxy163.existsByEventHistoryId(Unknown Source)
	at com.rmsc.ai.embedding.EmbeddingService.embedEvent(EmbeddingService.java:44)
	at com.rmsc.ai.embedding.EmbeddingService.embedAll(EmbeddingService.java:74)
	at java.base/jdk.internal.reflect.DirectMethodHandleAccessor.invoke(Unknown Source)
	at java.base/java.lang.reflect.Method.invoke(Unknown Source)
	at org.springframework.aop.support.AopUtils.invokeJoinpointUsingReflection(AopUtils.java:359)
	at org.springframework.aop.framework.ReflectiveMethodInvocation.invokeJoinpoint(ReflectiveMethodInvocation.java:196)
	at org.springframework.aop.framework.ReflectiveMethodInvocation.proceed(ReflectiveMethodInvocation.java:163)
	at org.springframework.transaction.interceptor.TransactionAspectSupport.invokeWithinTransaction(TransactionAspectSupport.java:380)
	at org.springframework.transaction.interceptor.TransactionInterceptor.invoke(TransactionInterceptor.java:119)
	at org.springframework.aop.framework.ReflectiveMethodInvocation.proceed(ReflectiveMethodInvocation.java:184)
	at org.springframework.aop.framework.CglibAopProxy$DynamicAdvisedInterceptor.intercept(CglibAopProxy.java:728)
	at com.rmsc.ai.embedding.EmbeddingService$$SpringCGLIB$$0.embedAll(<generated>)
	at com.rmsc.ai.service.EventService.embedAllPendingEvents(EventService.java:75)
	at java.base/jdk.internal.reflect.DirectMethodHandleAccessor.invoke(Unknown Source)
	at java.base/java.lang.reflect.Method.invoke(Unknown Source)
	at org.springframework.aop.support.AopUtils.invokeJoinpointUsingReflection(AopUtils.java:359)
	at org.springframework.aop.framework.ReflectiveMethodInvocation.invokeJoinpoint(ReflectiveMethodInvocation.java:196)
	at org.springframework.aop.framework.ReflectiveMethodInvocation.proceed(ReflectiveMethodInvocation.java:163)
	at org.springframework.transaction.interceptor.TransactionAspectSupport.invokeWithinTransaction(TransactionAspectSupport.java:380)
	at org.springframework.transaction.interceptor.TransactionInterceptor.invoke(TransactionInterceptor.java:119)
	at org.springframework.aop.framework.ReflectiveMethodInvocation.proceed(ReflectiveMethodInvocation.java:184)
	at org.springframework.aop.framework.CglibAopProxy$DynamicAdvisedInterceptor.intercept(CglibAopProxy.java:728)
	at com.rmsc.ai.service.EventService$$SpringCGLIB$$0.embedAllPendingEvents(<generated>)
	at com.rmsc.ai.controller.EventController.embedAllEvents(EventController.java:59)
	at java.base/jdk.internal.reflect.DirectMethodHandleAccessor.invoke(Unknown Source)
	at java.base/java.lang.reflect.Method.invoke(Unknown Source)
	at org.springframework.web.method.support.InvocableHandlerMethod.doInvoke(InvocableHandlerMethod.java:258)
	at org.springframework.web.method.support.InvocableHandlerMethod.invokeForRequest(InvocableHandlerMethod.java:191)
	at org.springframework.web.servlet.mvc.method.annotation.ServletInvocableHandlerMethod.invokeAndHandle(ServletInvocableHandlerMethod.java:118)
	at org.springframework.web.servlet.mvc.method.annotation.RequestMappingHandlerAdapter.invokeHandlerMethod(RequestMappingHandlerAdapter.java:986)
	at org.springframework.web.servlet.mvc.method.annotation.RequestMappingHandlerAdapter.handleInternal(RequestMappingHandlerAdapter.java:891)
	at org.springframework.web.servlet.mvc.method.AbstractHandlerMethodAdapter.handle(AbstractHandlerMethodAdapter.java:87)
	at org.springframework.web.servlet.DispatcherServlet.doDispatch(DispatcherServlet.java:1089)
	at org.springframework.web.servlet.DispatcherServlet.doService(DispatcherServlet.java:979)
	at org.springframework.web.servlet.FrameworkServlet.processRequest(FrameworkServlet.java:1014)
	at org.springframework.web.servlet.FrameworkServlet.doPost(FrameworkServlet.java:914)
	at jakarta.servlet.http.HttpServlet.service(HttpServlet.java:590)
	at org.springframework.web.servlet.FrameworkServlet.service(FrameworkServlet.java:885)
	at jakarta.servlet.http.HttpServlet.service(HttpServlet.java:658)
	at org.apache.catalina.core.ApplicationFilterChain.internalDoFilter(ApplicationFilterChain.java:195)
	at org.apache.catalina.core.ApplicationFilterChain.doFilter(ApplicationFilterChain.java:140)
	at org.apache.tomcat.websocket.server.WsFilter.doFilter(WsFilter.java:51)
	at org.apache.catalina.core.ApplicationFilterChain.internalDoFilter(ApplicationFilterChain.java:164)
	at org.apache.catalina.core.ApplicationFilterChain.doFilter(ApplicationFilterChain.java:140)
	at org.springframework.web.filter.RequestContextFilter.doFilterInternal(RequestContextFilter.java:100)
	at org.springframework.web.filter.OncePerRequestFilter.doFilter(OncePerRequestFilter.java:116)
	at org.apache.catalina.core.ApplicationFilterChain.internalDoFilter(ApplicationFilterChain.java:164)
	at org.apache.catalina.core.ApplicationFilterChain.doFilter(ApplicationFilterChain.java:140)
	at org.springframework.web.filter.FormContentFilter.doFilterInternal(FormContentFilter.java:93)
	at org.springframework.web.filter.OncePerRequestFilter.doFilter(OncePerRequestFilter.java:116)
	at org.apache.catalina.core.ApplicationFilterChain.internalDoFilter(ApplicationFilterChain.java:164)
	at org.apache.catalina.core.ApplicationFilterChain.doFilter(ApplicationFilterChain.java:140)
	at org.springframework.web.filter.ServerHttpObservationFilter.doFilterInternal(ServerHttpObservationFilter.java:114)
	at org.springframework.web.filter.OncePerRequestFilter.doFilter(OncePerRequestFilter.java:116)
	at org.apache.catalina.core.ApplicationFilterChain.internalDoFilter(ApplicationFilterChain.java:164)
	at org.apache.catalina.core.ApplicationFilterChain.doFilter(ApplicationFilterChain.java:140)
	at org.springframework.web.filter.CharacterEncodingFilter.doFilterInternal(CharacterEncodingFilter.java:201)
	at org.springframework.web.filter.OncePerRequestFilter.doFilter(OncePerRequestFilter.java:116)
	at org.apache.catalina.core.ApplicationFilterChain.internalDoFilter(ApplicationFilterChain.java:164)
	at org.apache.catalina.core.ApplicationFilterChain.doFilter(ApplicationFilterChain.java:140)
	at org.apache.catalina.core.StandardWrapperValve.invoke(StandardWrapperValve.java:167)
	at org.apache.catalina.core.StandardContextValve.invoke(StandardContextValve.java:90)
	at org.apache.catalina.authenticator.AuthenticatorBase.invoke(AuthenticatorBase.java:483)
	at org.apache.catalina.core.StandardHostValve.invoke(StandardHostValve.java:116)
	at org.apache.catalina.valves.ErrorReportValve.invoke(ErrorReportValve.java:93)
	at org.apache.catalina.core.StandardEngineValve.invoke(StandardEngineValve.java:74)
	at org.apache.catalina.connector.CoyoteAdapter.service(CoyoteAdapter.java:344)
	at org.apache.coyote.http11.Http11Processor.service(Http11Processor.java:398)
	at org.apache.coyote.AbstractProcessorLight.process(AbstractProcessorLight.java:63)
	at org.apache.coyote.AbstractProtocol$ConnectionHandler.process(AbstractProtocol.java:903)
	at org.apache.tomcat.util.net.NioEndpoint$SocketProcessor.doRun(NioEndpoint.java:1740)
	at org.apache.tomcat.util.net.SocketProcessorBase.run(SocketProcessorBase.java:52)
	at org.apache.tomcat.util.threads.ThreadPoolExecutor.runWorker(ThreadPoolExecutor.java:1189)
	at org.apache.tomcat.util.threads.ThreadPoolExecutor$Worker.run(ThreadPoolExecutor.java:658)
	at org.apache.tomcat.util.threads.TaskThread$WrappingRunnable.run(TaskThread.java:63)
	at java.base/java.lang.Thread.run(Unknown Source)
2026-07-08 06:51:44.435 [http-nio-8080-exec-4] ERROR org.hibernate.AssertionFailure - HHH000099: an assertion failure occurred (this may indicate a bug in Hibernate, but is more likely due to unsafe use of the session): org.hibernate.AssertionFailure: null id in com.rmsc.ai.entity.EventEmbedding entry (don't flush the Session after an exception occurs)
2026-07-08 06:51:44.436 [http-nio-8080-exec-4] ERROR c.rmsc.ai.embedding.EmbeddingService - Failed to embed event [id=7]: null id in com.rmsc.ai.entity.EventEmbedding entry (don't flush the Session after an exception occurs)
org.hibernate.AssertionFailure: null id in com.rmsc.ai.entity.EventEmbedding entry (don't flush the Session after an exception occurs)
	at org.hibernate.event.internal.DefaultFlushEntityEventListener.checkId(DefaultFlushEntityEventListener.java:86)
	at org.hibernate.event.internal.DefaultFlushEntityEventListener.getValues(DefaultFlushEntityEventListener.java:182)
	at org.hibernate.event.internal.DefaultFlushEntityEventListener.onFlushEntity(DefaultFlushEntityEventListener.java:141)
	at org.hibernate.event.service.internal.EventListenerGroupImpl.fireEventOnEachListener(EventListenerGroupImpl.java:127)
	at org.hibernate.event.internal.AbstractFlushingEventListener.flushEntities(AbstractFlushingEventListener.java:269)
	at org.hibernate.event.internal.AbstractFlushingEventListener.flushEverythingToExecutions(AbstractFlushingEventListener.java:90)
	at org.hibernate.event.internal.DefaultAutoFlushEventListener.onAutoFlush(DefaultAutoFlushEventListener.java:58)
	at org.hibernate.event.service.internal.EventListenerGroupImpl.fireEventOnEachListener(EventListenerGroupImpl.java:127)
	at org.hibernate.internal.SessionImpl.autoFlushIfRequired(SessionImpl.java:1379)
	at org.hibernate.query.sqm.internal.ConcreteSqmSelectQueryPlan.lambda$new$1(ConcreteSqmSelectQueryPlan.java:145)
	at org.hibernate.query.sqm.internal.ConcreteSqmSelectQueryPlan.withCacheableSqmInterpretation(ConcreteSqmSelectQueryPlan.java:442)
	at org.hibernate.query.sqm.internal.ConcreteSqmSelectQueryPlan.performList(ConcreteSqmSelectQueryPlan.java:362)
	at org.hibernate.query.sqm.internal.QuerySqmImpl.doList(QuerySqmImpl.java:380)
	at org.hibernate.query.spi.AbstractSelectionQuery.list(AbstractSelectionQuery.java:143)
	at org.hibernate.query.Query.getResultList(Query.java:120)
	at org.springframework.data.jpa.repository.query.JpaQueryExecution$ExistsExecution.doExecute(JpaQueryExecution.java:316)
	at org.springframework.data.jpa.repository.query.JpaQueryExecution.execute(JpaQueryExecution.java:93)
	at org.springframework.data.jpa.repository.query.AbstractJpaQuery.doExecute(AbstractJpaQuery.java:159)
	at org.springframework.data.jpa.repository.query.AbstractJpaQuery.execute(AbstractJpaQuery.java:147)
	at org.springframework.data.repository.core.support.RepositoryMethodInvoker.doInvoke(RepositoryMethodInvoker.java:170)
	at org.springframework.data.repository.core.support.RepositoryMethodInvoker.invoke(RepositoryMethodInvoker.java:158)
	at org.springframework.data.repository.core.support.QueryExecutorMethodInterceptor.doInvoke(QueryExecutorMethodInterceptor.java:170)
	at org.springframework.data.repository.core.support.QueryExecutorMethodInterceptor.invoke(QueryExecutorMethodInterceptor.java:149)
	at org.springframework.aop.framework.ReflectiveMethodInvocation.proceed(ReflectiveMethodInvocation.java:184)
	at org.springframework.data.projection.DefaultMethodInvokingMethodInterceptor.invoke(DefaultMethodInvokingMethodInterceptor.java:69)
	at org.springframework.aop.framework.ReflectiveMethodInvocation.proceed(ReflectiveMethodInvocation.java:184)
	at org.springframework.transaction.interceptor.TransactionAspectSupport.invokeWithinTransaction(TransactionAspectSupport.java:380)
	at org.springframework.transaction.interceptor.TransactionInterceptor.invoke(TransactionInterceptor.java:119)
	at org.springframework.aop.framework.ReflectiveMethodInvocation.proceed(ReflectiveMethodInvocation.java:184)
	at org.springframework.dao.support.PersistenceExceptionTranslationInterceptor.invoke(PersistenceExceptionTranslationInterceptor.java:138)
	at org.springframework.aop.framework.ReflectiveMethodInvocation.proceed(ReflectiveMethodInvocation.java:184)
	at org.springframework.data.jpa.repository.support.CrudMethodMetadataPostProcessor$CrudMethodMetadataPopulatingMethodInterceptor.invoke(CrudMethodMetadataPostProcessor.java:136)
	at org.springframework.aop.framework.ReflectiveMethodInvocation.proceed(ReflectiveMethodInvocation.java:184)
	at org.springframework.aop.framework.JdkDynamicAopProxy.invoke(JdkDynamicAopProxy.java:223)
	at jdk.proxy2/jdk.proxy2.$Proxy163.existsByEventHistoryId(Unknown Source)
	at com.rmsc.ai.embedding.EmbeddingService.embedEvent(EmbeddingService.java:44)
	at com.rmsc.ai.embedding.EmbeddingService.embedAll(EmbeddingService.java:74)
	at java.base/jdk.internal.reflect.DirectMethodHandleAccessor.invoke(Unknown Source)
	at java.base/java.lang.reflect.Method.invoke(Unknown Source)
	at org.springframework.aop.support.AopUtils.invokeJoinpointUsingReflection(AopUtils.java:359)
	at org.springframework.aop.framework.ReflectiveMethodInvocation.invokeJoinpoint(ReflectiveMethodInvocation.java:196)
	at org.springframework.aop.framework.ReflectiveMethodInvocation.proceed(ReflectiveMethodInvocation.java:163)
	at org.springframework.transaction.interceptor.TransactionAspectSupport.invokeWithinTransaction(TransactionAspectSupport.java:380)
	at org.springframework.transaction.interceptor.TransactionInterceptor.invoke(TransactionInterceptor.java:119)
	at org.springframework.aop.framework.ReflectiveMethodInvocation.proceed(ReflectiveMethodInvocation.java:184)
	at org.springframework.aop.framework.CglibAopProxy$DynamicAdvisedInterceptor.intercept(CglibAopProxy.java:728)
	at com.rmsc.ai.embedding.EmbeddingService$$SpringCGLIB$$0.embedAll(<generated>)
	at com.rmsc.ai.service.EventService.embedAllPendingEvents(EventService.java:75)
	at java.base/jdk.internal.reflect.DirectMethodHandleAccessor.invoke(Unknown Source)
	at java.base/java.lang.reflect.Method.invoke(Unknown Source)
	at org.springframework.aop.support.AopUtils.invokeJoinpointUsingReflection(AopUtils.java:359)
	at org.springframework.aop.framework.ReflectiveMethodInvocation.invokeJoinpoint(ReflectiveMethodInvocation.java:196)
	at org.springframework.aop.framework.ReflectiveMethodInvocation.proceed(ReflectiveMethodInvocation.java:163)
	at org.springframework.transaction.interceptor.TransactionAspectSupport.invokeWithinTransaction(TransactionAspectSupport.java:380)
	at org.springframework.transaction.interceptor.TransactionInterceptor.invoke(TransactionInterceptor.java:119)
	at org.springframework.aop.framework.ReflectiveMethodInvocation.proceed(ReflectiveMethodInvocation.java:184)
	at org.springframework.aop.framework.CglibAopProxy$DynamicAdvisedInterceptor.intercept(CglibAopProxy.java:728)
	at com.rmsc.ai.service.EventService$$SpringCGLIB$$0.embedAllPendingEvents(<generated>)
	at com.rmsc.ai.controller.EventController.embedAllEvents(EventController.java:59)
	at java.base/jdk.internal.reflect.DirectMethodHandleAccessor.invoke(Unknown Source)
	at java.base/java.lang.reflect.Method.invoke(Unknown Source)
	at org.springframework.web.method.support.InvocableHandlerMethod.doInvoke(InvocableHandlerMethod.java:258)
	at org.springframework.web.method.support.InvocableHandlerMethod.invokeForRequest(InvocableHandlerMethod.java:191)
	at org.springframework.web.servlet.mvc.method.annotation.ServletInvocableHandlerMethod.invokeAndHandle(ServletInvocableHandlerMethod.java:118)
	at org.springframework.web.servlet.mvc.method.annotation.RequestMappingHandlerAdapter.invokeHandlerMethod(RequestMappingHandlerAdapter.java:986)
	at org.springframework.web.servlet.mvc.method.annotation.RequestMappingHandlerAdapter.handleInternal(RequestMappingHandlerAdapter.java:891)
	at org.springframework.web.servlet.mvc.method.AbstractHandlerMethodAdapter.handle(AbstractHandlerMethodAdapter.java:87)
	at org.springframework.web.servlet.DispatcherServlet.doDispatch(DispatcherServlet.java:1089)
	at org.springframework.web.servlet.DispatcherServlet.doService(DispatcherServlet.java:979)
	at org.springframework.web.servlet.FrameworkServlet.processRequest(FrameworkServlet.java:1014)
	at org.springframework.web.servlet.FrameworkServlet.doPost(FrameworkServlet.java:914)
	at jakarta.servlet.http.HttpServlet.service(HttpServlet.java:590)
	at org.springframework.web.servlet.FrameworkServlet.service(FrameworkServlet.java:885)
	at jakarta.servlet.http.HttpServlet.service(HttpServlet.java:658)
	at org.apache.catalina.core.ApplicationFilterChain.internalDoFilter(ApplicationFilterChain.java:195)
	at org.apache.catalina.core.ApplicationFilterChain.doFilter(ApplicationFilterChain.java:140)
	at org.apache.tomcat.websocket.server.WsFilter.doFilter(WsFilter.java:51)
	at org.apache.catalina.core.ApplicationFilterChain.internalDoFilter(ApplicationFilterChain.java:164)
	at org.apache.catalina.core.ApplicationFilterChain.doFilter(ApplicationFilterChain.java:140)
	at org.springframework.web.filter.RequestContextFilter.doFilterInternal(RequestContextFilter.java:100)
	at org.springframework.web.filter.OncePerRequestFilter.doFilter(OncePerRequestFilter.java:116)
	at org.apache.catalina.core.ApplicationFilterChain.internalDoFilter(ApplicationFilterChain.java:164)
	at org.apache.catalina.core.ApplicationFilterChain.doFilter(ApplicationFilterChain.java:140)
	at org.springframework.web.filter.FormContentFilter.doFilterInternal(FormContentFilter.java:93)
	at org.springframework.web.filter.OncePerRequestFilter.doFilter(OncePerRequestFilter.java:116)
	at org.apache.catalina.core.ApplicationFilterChain.internalDoFilter(ApplicationFilterChain.java:164)
	at org.apache.catalina.core.ApplicationFilterChain.doFilter(ApplicationFilterChain.java:140)
	at org.springframework.web.filter.ServerHttpObservationFilter.doFilterInternal(ServerHttpObservationFilter.java:114)
	at org.springframework.web.filter.OncePerRequestFilter.doFilter(OncePerRequestFilter.java:116)
	at org.apache.catalina.core.ApplicationFilterChain.internalDoFilter(ApplicationFilterChain.java:164)
	at org.apache.catalina.core.ApplicationFilterChain.doFilter(ApplicationFilterChain.java:140)
	at org.springframework.web.filter.CharacterEncodingFilter.doFilterInternal(CharacterEncodingFilter.java:201)
	at org.springframework.web.filter.OncePerRequestFilter.doFilter(OncePerRequestFilter.java:116)
	at org.apache.catalina.core.ApplicationFilterChain.internalDoFilter(ApplicationFilterChain.java:164)
	at org.apache.catalina.core.ApplicationFilterChain.doFilter(ApplicationFilterChain.java:140)
	at org.apache.catalina.core.StandardWrapperValve.invoke(StandardWrapperValve.java:167)
	at org.apache.catalina.core.StandardContextValve.invoke(StandardContextValve.java:90)
	at org.apache.catalina.authenticator.AuthenticatorBase.invoke(AuthenticatorBase.java:483)
	at org.apache.catalina.core.StandardHostValve.invoke(StandardHostValve.java:116)
	at org.apache.catalina.valves.ErrorReportValve.invoke(ErrorReportValve.java:93)
	at org.apache.catalina.core.StandardEngineValve.invoke(StandardEngineValve.java:74)
	at org.apache.catalina.connector.CoyoteAdapter.service(CoyoteAdapter.java:344)
	at org.apache.coyote.http11.Http11Processor.service(Http11Processor.java:398)
	at org.apache.coyote.AbstractProcessorLight.process(AbstractProcessorLight.java:63)
	at org.apache.coyote.AbstractProtocol$ConnectionHandler.process(AbstractProtocol.java:903)
	at org.apache.tomcat.util.net.NioEndpoint$SocketProcessor.doRun(NioEndpoint.java:1740)
	at org.apache.tomcat.util.net.SocketProcessorBase.run(SocketProcessorBase.java:52)
	at org.apache.tomcat.util.threads.ThreadPoolExecutor.runWorker(ThreadPoolExecutor.java:1189)
	at org.apache.tomcat.util.threads.ThreadPoolExecutor$Worker.run(ThreadPoolExecutor.java:658)
	at org.apache.tomcat.util.threads.TaskThread$WrappingRunnable.run(TaskThread.java:63)
	at java.base/java.lang.Thread.run(Unknown Source)
2026-07-08 06:51:44.438 [http-nio-8080-exec-4] INFO  c.rmsc.ai.embedding.EmbeddingService - Batch embedding complete. Created: 0, Total: 7
2026-07-08 06:51:44.439 [http-nio-8080-exec-4] INFO  com.rmsc.ai.service.EventService - Batch embedding complete. Created 0 new embeddings.
2026-07-08 06:51:44.453 [http-nio-8080-exec-4] ERROR c.r.a.e.GlobalExceptionHandler - Unhandled exception on request [/events/embed/all]: Transaction silently rolled back because it has been marked as rollback-only
org.springframework.transaction.UnexpectedRollbackException: Transaction silently rolled back because it has been marked as rollback-only
	at org.springframework.transaction.support.AbstractPlatformTransactionManager.processCommit(AbstractPlatformTransactionManager.java:804)
	at org.springframework.transaction.support.AbstractPlatformTransactionManager.commit(AbstractPlatformTransactionManager.java:758)
	at org.springframework.transaction.interceptor.TransactionAspectSupport.commitTransactionAfterReturning(TransactionAspectSupport.java:698)
	at org.springframework.transaction.interceptor.TransactionAspectSupport.invokeWithinTransaction(TransactionAspectSupport.java:416)
	at org.springframework.transaction.interceptor.TransactionInterceptor.invoke(TransactionInterceptor.java:119)
	at org.springframework.aop.framework.ReflectiveMethodInvocation.proceed(ReflectiveMethodInvocation.java:184)
	at org.springframework.aop.framework.CglibAopProxy$DynamicAdvisedInterceptor.intercept(CglibAopProxy.java:728)
	at com.rmsc.ai.service.EventService$$SpringCGLIB$$0.embedAllPendingEvents(<generated>)
	at com.rmsc.ai.controller.EventController.embedAllEvents(EventController.java:59)
	at java.base/jdk.internal.reflect.DirectMethodHandleAccessor.invoke(Unknown Source)
	at java.base/java.lang.reflect.Method.invoke(Unknown Source)
	at org.springframework.web.method.support.InvocableHandlerMethod.doInvoke(InvocableHandlerMethod.java:258)
	at org.springframework.web.method.support.InvocableHandlerMethod.invokeForRequest(InvocableHandlerMethod.java:191)
	at org.springframework.web.servlet.mvc.method.annotation.ServletInvocableHandlerMethod.invokeAndHandle(ServletInvocableHandlerMethod.java:118)
	at org.springframework.web.servlet.mvc.method.annotation.RequestMappingHandlerAdapter.invokeHandlerMethod(RequestMappingHandlerAdapter.java:986)
	at org.springframework.web.servlet.mvc.method.annotation.RequestMappingHandlerAdapter.handleInternal(RequestMappingHandlerAdapter.java:891)
	at org.springframework.web.servlet.mvc.method.AbstractHandlerMethodAdapter.handle(AbstractHandlerMethodAdapter.java:87)
	at org.springframework.web.servlet.DispatcherServlet.doDispatch(DispatcherServlet.java:1089)
	at org.springframework.web.servlet.DispatcherServlet.doService(DispatcherServlet.java:979)
	at org.springframework.web.servlet.FrameworkServlet.processRequest(FrameworkServlet.java:1014)
	at org.springframework.web.servlet.FrameworkServlet.doPost(FrameworkServlet.java:914)
	at jakarta.servlet.http.HttpServlet.service(HttpServlet.java:590)
	at org.springframework.web.servlet.FrameworkServlet.service(FrameworkServlet.java:885)
	at jakarta.servlet.http.HttpServlet.service(HttpServlet.java:658)
	at org.apache.catalina.core.ApplicationFilterChain.internalDoFilter(ApplicationFilterChain.java:195)
	at org.apache.catalina.core.ApplicationFilterChain.doFilter(ApplicationFilterChain.java:140)
	at org.apache.tomcat.websocket.server.WsFilter.doFilter(WsFilter.java:51)
	at org.apache.catalina.core.ApplicationFilterChain.internalDoFilter(ApplicationFilterChain.java:164)
	at org.apache.catalina.core.ApplicationFilterChain.doFilter(ApplicationFilterChain.java:140)
	at org.springframework.web.filter.RequestContextFilter.doFilterInternal(RequestContextFilter.java:100)
	at org.springframework.web.filter.OncePerRequestFilter.doFilter(OncePerRequestFilter.java:116)
	at org.apache.catalina.core.ApplicationFilterChain.internalDoFilter(ApplicationFilterChain.java:164)
	at org.apache.catalina.core.ApplicationFilterChain.doFilter(ApplicationFilterChain.java:140)
	at org.springframework.web.filter.FormContentFilter.doFilterInternal(FormContentFilter.java:93)
	at org.springframework.web.filter.OncePerRequestFilter.doFilter(OncePerRequestFilter.java:116)
	at org.apache.catalina.core.ApplicationFilterChain.internalDoFilter(ApplicationFilterChain.java:164)
	at org.apache.catalina.core.ApplicationFilterChain.doFilter(ApplicationFilterChain.java:140)
	at org.springframework.web.filter.ServerHttpObservationFilter.doFilterInternal(ServerHttpObservationFilter.java:114)
	at org.springframework.web.filter.OncePerRequestFilter.doFilter(OncePerRequestFilter.java:116)
	at org.apache.catalina.core.ApplicationFilterChain.internalDoFilter(ApplicationFilterChain.java:164)
	at org.apache.catalina.core.ApplicationFilterChain.doFilter(ApplicationFilterChain.java:140)
	at org.springframework.web.filter.CharacterEncodingFilter.doFilterInternal(CharacterEncodingFilter.java:201)
	at org.springframework.web.filter.OncePerRequestFilter.doFilter(OncePerRequestFilter.java:116)
	at org.apache.catalina.core.ApplicationFilterChain.internalDoFilter(ApplicationFilterChain.java:164)
	at org.apache.catalina.core.ApplicationFilterChain.doFilter(ApplicationFilterChain.java:140)
	at org.apache.catalina.core.StandardWrapperValve.invoke(StandardWrapperValve.java:167)
	at org.apache.catalina.core.StandardContextValve.invoke(StandardContextValve.java:90)
	at org.apache.catalina.authenticator.AuthenticatorBase.invoke(AuthenticatorBase.java:483)
	at org.apache.catalina.core.StandardHostValve.invoke(StandardHostValve.java:116)
	at org.apache.catalina.valves.ErrorReportValve.invoke(ErrorReportValve.java:93)
	at org.apache.catalina.core.StandardEngineValve.invoke(StandardEngineValve.java:74)
	at org.apache.catalina.connector.CoyoteAdapter.service(CoyoteAdapter.java:344)
	at org.apache.coyote.http11.Http11Processor.service(Http11Processor.java:398)
	at org.apache.coyote.AbstractProcessorLight.process(AbstractProcessorLight.java:63)
	at org.apache.coyote.AbstractProtocol$ConnectionHandler.process(AbstractProtocol.java:903)
	at org.apache.tomcat.util.net.NioEndpoint$SocketProcessor.doRun(NioEndpoint.java:1740)
	at org.apache.tomcat.util.net.SocketProcessorBase.run(SocketProcessorBase.java:52)
	at org.apache.tomcat.util.threads.ThreadPoolExecutor.runWorker(ThreadPoolExecutor.java:1189)
	at org.apache.tomcat.util.threads.ThreadPoolExecutor$Worker.run(ThreadPoolExecutor.java:658)
	at org.apache.tomcat.util.threads.TaskThread$WrappingRunnable.run(TaskThread.java:63)
	at java.base/java.lang.Thread.run(Unknown Source)
